distance_km,weather,transport_mode,supplier_reliability,is_holiday,origin,destination,delayed
330.0,Clear,Road,81.3,0,Antwerp Freight,Berlin DC,0
740.0,Rain,Road,85.3,0,Antwerp Freight,Warsaw Crossdock,0
1767.8,Clear,Air,79.5,0,Munich Hub,Paris Nord,0
820.6,Clear,Road,61.8,0,Hamburg Port,Prague Depot,0
379.0,Clear,Road,65.9,0,Hamburg Port,Vienna Logistics,0
981.0,Fog,Air,64.3,0,Antwerp Freight,Zurich Terminus,0
1104.3,Rain,Road,82.4,0,Hamburg Port,Vienna Logistics,0
132.8,Rain,Road,44.5,1,Frankfurt Central,Vienna Logistics,1
1707.9,Clear,Rail,55.5,0,Rotterdam Gate,Prague Depot,1
640.7,Fog,Road,58.0,0,Munich Hub,Warsaw Crossdock,0
981.8,Fog,Rail,73.7,0,Milan Cargo,Prague Depot,0
695.8,Clear,Road,71.1,0,Milan Cargo,Vienna Logistics,0
2219.7,Clear,Sea,87.6,0,Frankfurt Central,Warsaw Crossdock,0
1094.1,Rain,Road,79.5,0,Munich Hub,Warsaw Crossdock,0
899.9,Storm,Air,63.8,0,Rotterdam Gate,Vienna Logistics,1
1022.2,Clear,Air,68.7,0,Rotterdam Gate,Warsaw Crossdock,0
1064.9,Clear,Rail,82.2,0,Rotterdam Gate,Prague Depot,1
1099.0,Snow,Air,65.0,0,Rotterdam Gate,Zurich Terminus,1
1396.8,Rain,Rail,56.1,0,Frankfurt Central,Berlin DC,1
214.3,Rain,Road,78.6,0,Milan Cargo,Berlin DC,0
523.3,Storm,Road,83.4,1,Frankfurt Central,Warsaw Crossdock,0
1125.3,Clear,Road,86.4,0,Munich Hub,Prague Depot,0
1087.4,Rain,Rail,92.1,0,Milan Cargo,Warsaw Crossdock,0
542.2,Clear,Sea,93.8,1,Milan Cargo,Paris Nord,0
1097.5,Clear,Rail,51.3,1,Frankfurt Central,Warsaw Crossdock,0
3122.1,Clear,Sea,44.2,0,Munich Hub,Zurich Terminus,1
1062.9,Storm,Sea,79.3,0,Rotterdam Gate,Prague Depot,1
961.9,Fog,Road,42.5,0,Antwerp Freight,Warsaw Crossdock,0
447.7,Clear,Road,88.3,0,Frankfurt Central,Vienna Logistics,0
1143.3,Clear,Sea,48.8,0,Munich Hub,Zurich Terminus,0
568.4,Clear,Road,65.9,0,Rotterdam Gate,Prague Depot,0
2011.5,Clear,Air,72.7,0,Hamburg Port,Prague Depot,1
1644.5,Snow,Rail,83.4,0,Rotterdam Gate,Warsaw Crossdock,1
2628.9,Rain,Sea,63.6,0,Frankfurt Central,Prague Depot,0
809.4,Clear,Air,49.1,0,Frankfurt Central,Warsaw Crossdock,0
850.1,Clear,Road,64.4,0,Rotterdam Gate,Paris Nord,0
1668.0,Rain,Rail,63.4,0,Antwerp Freight,Prague Depot,0
1648.6,Clear,Sea,66.1,0,Antwerp Freight,Prague Depot,1
166.8,Rain,Road,76.0,1,Milan Cargo,Paris Nord,0
865.2,Clear,Rail,56.1,0,Munich Hub,Paris Nord,1
1078.6,Clear,Road,72.5,0,Munich Hub,Zurich Terminus,0
2020.8,Rain,Air,76.0,0,Rotterdam Gate,Zurich Terminus,0
589.3,Clear,Road,78.9,0,Frankfurt Central,Berlin DC,0
1152.2,Clear,Road,61.6,0,Munich Hub,Zurich Terminus,1
852.4,Rain,Air,89.8,0,Frankfurt Central,Paris Nord,0
321.6,Clear,Rail,91.2,0,Antwerp Freight,Paris Nord,0
559.8,Storm,Road,77.1,0,Munich Hub,Prague Depot,1
664.4,Clear,Road,78.1,0,Rotterdam Gate,Warsaw Crossdock,0
920.5,Clear,Road,81.0,0,Frankfurt Central,Berlin DC,0
91.4,Storm,Road,67.3,0,Hamburg Port,Prague Depot,1
352.5,Clear,Road,75.2,0,Munich Hub,Berlin DC,0
704.9,Clear,Rail,71.6,0,Hamburg Port,Zurich Terminus,0
2731.4,Rain,Sea,77.0,1,Milan Cargo,Prague Depot,1
1057.4,Fog,Road,77.4,1,Frankfurt Central,Warsaw Crossdock,0
163.0,Fog,Road,88.6,0,Rotterdam Gate,Berlin DC,0
665.3,Storm,Road,51.7,0,Milan Cargo,Prague Depot,1
1813.6,Clear,Air,79.0,0,Milan Cargo,Warsaw Crossdock,0
1042.8,Clear,Road,69.6,0,Munich Hub,Vienna Logistics,0
246.9,Clear,Road,89.3,0,Frankfurt Central,Paris Nord,0
384.9,Clear,Road,70.6,0,Rotterdam Gate,Warsaw Crossdock,0
1576.8,Clear,Rail,63.1,0,Munich Hub,Berlin DC,0
1215.7,Clear,Rail,79.2,0,Rotterdam Gate,Zurich Terminus,0
1138.6,Rain,Road,82.2,0,Hamburg Port,Paris Nord,0
140.7,Fog,Road,74.1,1,Munich Hub,Warsaw Crossdock,1
394.3,Clear,Rail,64.7,1,Frankfurt Central,Zurich Terminus,1
882.6,Fog,Road,55.7,0,Munich Hub,Warsaw Crossdock,0
1606.9,Snow,Rail,86.1,0,Rotterdam Gate,Vienna Logistics,0
928.6,Rain,Rail,60.0,0,Hamburg Port,Zurich Terminus,0
1498.3,Storm,Rail,53.5,0,Munich Hub,Zurich Terminus,1
443.0,Clear,Sea,47.5,0,Munich Hub,Paris Nord,0
1298.0,Fog,Air,56.0,1,Munich Hub,Zurich Terminus,1
2529.0,Clear,Sea,88.9,1,Frankfurt Central,Warsaw Crossdock,1
353.5,Clear,Road,84.4,0,Munich Hub,Zurich Terminus,0
935.3,Clear,Rail,78.4,0,Milan Cargo,Vienna Logistics,1
2332.9,Clear,Sea,88.5,0,Hamburg Port,Prague Depot,1
1297.3,Clear,Rail,61.3,0,Antwerp Freight,Paris Nord,0
1254.7,Rain,Rail,86.9,0,Milan Cargo,Zurich Terminus,0
684.1,Clear,Road,90.2,0,Antwerp Freight,Paris Nord,0
164.3,Fog,Road,72.6,0,Antwerp Freight,Zurich Terminus,1
492.8,Clear,Road,82.9,0,Rotterdam Gate,Berlin DC,0
1318.4,Rain,Sea,70.6,0,Rotterdam Gate,Berlin DC,1
343.0,Snow,Road,79.2,0,Munich Hub,Zurich Terminus,1
1875.3,Storm,Air,74.6,0,Milan Cargo,Warsaw Crossdock,0
296.9,Fog,Rail,87.1,0,Hamburg Port,Prague Depot,0
712.3,Clear,Road,72.7,0,Munich Hub,Zurich Terminus,0
225.6,Fog,Road,94.4,0,Munich Hub,Zurich Terminus,0
1041.7,Clear,Rail,66.8,1,Frankfurt Central,Zurich Terminus,1
249.8,Clear,Rail,62.1,0,Antwerp Freight,Prague Depot,0
1136.6,Clear,Rail,74.7,0,Frankfurt Central,Berlin DC,0
1584.8,Fog,Rail,75.5,0,Antwerp Freight,Warsaw Crossdock,0
1148.0,Clear,Road,91.7,0,Hamburg Port,Paris Nord,0
1272.0,Snow,Rail,79.9,1,Munich Hub,Prague Depot,1
1235.2,Rain,Air,82.8,0,Frankfurt Central,Warsaw Crossdock,0
1252.5,Rain,Rail,81.9,0,Antwerp Freight,Warsaw Crossdock,1
674.1,Snow,Road,84.9,0,Antwerp Freight,Warsaw Crossdock,0
171.4,Storm,Road,67.9,0,Frankfurt Central,Vienna Logistics,1
1149.0,Clear,Rail,84.4,1,Hamburg Port,Paris Nord,0
916.7,Clear,Road,54.2,0,Hamburg Port,Zurich Terminus,0
101.0,Fog,Road,82.6,0,Munich Hub,Paris Nord,1
1531.2,Fog,Rail,78.9,0,Hamburg Port,Vienna Logistics,1
651.7,Clear,Road,49.3,0,Hamburg Port,Vienna Logistics,1
483.4,Storm,Rail,69.2,0,Milan Cargo,Vienna Logistics,0
1582.8,Rain,Rail,92.3,0,Milan Cargo,Warsaw Crossdock,0
1011.5,Rain,Road,36.6,0,Hamburg Port,Paris Nord,1
987.0,Fog,Road,77.8,1,Milan Cargo,Warsaw Crossdock,1
357.5,Rain,Road,71.4,0,Antwerp Freight,Berlin DC,1
786.6,Rain,Road,67.3,0,Rotterdam Gate,Zurich Terminus,0
1666.8,Clear,Rail,61.6,0,Frankfurt Central,Zurich Terminus,1
223.1,Rain,Road,91.7,0,Milan Cargo,Paris Nord,0
833.8,Clear,Sea,68.4,0,Hamburg Port,Paris Nord,0
1155.6,Fog,Rail,53.8,0,Antwerp Freight,Zurich Terminus,1
1403.8,Snow,Rail,87.7,0,Antwerp Freight,Vienna Logistics,0
905.0,Rain,Rail,79.5,0,Frankfurt Central,Zurich Terminus,0
1126.4,Rain,Road,90.5,0,Munich Hub,Warsaw Crossdock,0
1099.8,Fog,Road,83.9,0,Milan Cargo,Vienna Logistics,1
789.0,Rain,Air,59.0,0,Munich Hub,Warsaw Crossdock,1
247.5,Clear,Road,82.2,0,Munich Hub,Berlin DC,1
1120.1,Rain,Rail,75.9,0,Rotterdam Gate,Prague Depot,0
1458.3,Snow,Rail,78.0,0,Hamburg Port,Berlin DC,1
1410.7,Clear,Rail,70.0,0,Antwerp Freight,Warsaw Crossdock,0
632.5,Rain,Air,86.0,0,Antwerp Freight,Paris Nord,0
901.3,Clear,Air,86.3,0,Milan Cargo,Paris Nord,0
637.2,Snow,Road,93.4,0,Rotterdam Gate,Zurich Terminus,1
881.8,Clear,Rail,94.3,0,Antwerp Freight,Zurich Terminus,0
610.1,Snow,Sea,62.0,0,Hamburg Port,Warsaw Crossdock,0
1269.3,Clear,Air,66.5,0,Munich Hub,Vienna Logistics,0
432.1,Clear,Road,93.0,0,Munich Hub,Prague Depot,0
1310.4,Clear,Rail,78.6,0,Antwerp Freight,Paris Nord,0
687.2,Clear,Road,76.2,0,Hamburg Port,Warsaw Crossdock,1
484.2,Clear,Road,78.9,0,Frankfurt Central,Vienna Logistics,0
2198.5,Clear,Sea,78.5,0,Rotterdam Gate,Prague Depot,0
219.1,Fog,Road,71.6,0,Rotterdam Gate,Prague Depot,0
1081.3,Clear,Rail,60.4,0,Hamburg Port,Berlin DC,0
515.3,Clear,Sea,91.3,0,Antwerp Freight,Prague Depot,0
1227.1,Fog,Rail,52.0,0,Munich Hub,Paris Nord,1
1044.9,Clear,Road,75.8,0,Rotterdam Gate,Vienna Logistics,0
583.5,Clear,Road,66.7,0,Munich Hub,Zurich Terminus,0
998.0,Rain,Rail,75.2,0,Frankfurt Central,Vienna Logistics,0
1555.5,Rain,Rail,61.3,0,Antwerp Freight,Warsaw Crossdock,1
1423.0,Clear,Rail,59.6,0,Milan Cargo,Zurich Terminus,0
918.0,Snow,Air,92.8,0,Hamburg Port,Prague Depot,0
460.0,Clear,Rail,50.2,0,Milan Cargo,Vienna Logistics,0
546.5,Clear,Road,46.1,0,Munich Hub,Zurich Terminus,0
618.1,Clear,Road,60.8,0,Milan Cargo,Prague Depot,1
431.3,Clear,Road,67.5,0,Milan Cargo,Warsaw Crossdock,1
821.7,Clear,Road,86.3,0,Frankfurt Central,Prague Depot,0
1176.1,Rain,Rail,62.6,0,Antwerp Freight,Warsaw Crossdock,1
1125.7,Clear,Road,91.6,0,Antwerp Freight,Paris Nord,0
879.8,Clear,Road,80.0,0,Hamburg Port,Vienna Logistics,0
587.9,Rain,Rail,72.0,0,Frankfurt Central,Berlin DC,0
696.4,Storm,Road,86.0,0,Munich Hub,Warsaw Crossdock,0
1357.0,Rain,Rail,92.8,0,Munich Hub,Warsaw Crossdock,0
1595.7,Clear,Rail,77.0,0,Rotterdam Gate,Paris Nord,0
644.7,Fog,Road,75.2,0,Milan Cargo,Paris Nord,0
835.3,Clear,Road,58.6,0,Munich Hub,Warsaw Crossdock,1
372.1,Clear,Road,59.5,1,Frankfurt Central,Paris Nord,1
1632.2,Clear,Rail,90.7,0,Hamburg Port,Vienna Logistics,0
865.4,Storm,Rail,73.3,0,Frankfurt Central,Paris Nord,1
778.9,Rain,Rail,89.6,0,Milan Cargo,Berlin DC,0
1435.5,Rain,Air,60.2,0,Antwerp Freight,Prague Depot,0
83.4,Clear,Road,69.6,0,Hamburg Port,Warsaw Crossdock,0
231.7,Clear,Road,91.8,0,Rotterdam Gate,Berlin DC,0
1046.1,Clear,Rail,84.9,0,Hamburg Port,Berlin DC,0
2430.1,Clear,Sea,65.0,0,Hamburg Port,Vienna Logistics,1
749.5,Clear,Road,67.8,0,Frankfurt Central,Berlin DC,1
2013.1,Clear,Sea,53.4,0,Milan Cargo,Zurich Terminus,1
1376.3,Rain,Rail,62.0,0,Hamburg Port,Berlin DC,0
285.9,Clear,Road,84.4,1,Antwerp Freight,Paris Nord,0
673.6,Clear,Road,77.9,0,Munich Hub,Prague Depot,0
263.3,Clear,Rail,53.7,0,Munich Hub,Zurich Terminus,1
1129.6,Snow,Road,80.1,0,Hamburg Port,Zurich Terminus,1
995.6,Clear,Rail,61.7,0,Hamburg Port,Zurich Terminus,0
243.4,Rain,Road,64.1,0,Rotterdam Gate,Berlin DC,0
611.7,Rain,Rail,76.2,0,Rotterdam Gate,Prague Depot,0
1106.9,Storm,Road,55.5,0,Frankfurt Central,Vienna Logistics,1
646.4,Storm,Road,63.2,0,Frankfurt Central,Berlin DC,1
672.9,Rain,Road,94.2,0,Munich Hub,Prague Depot,1
669.6,Clear,Road,83.9,0,Munich Hub,Prague Depot,0
669.3,Clear,Air,58.2,0,Antwerp Freight,Vienna Logistics,0
700.3,Rain,Air,84.8,0,Antwerp Freight,Zurich Terminus,0
688.2,Rain,Road,86.8,0,Munich Hub,Berlin DC,0
1921.8,Rain,Air,63.5,0,Milan Cargo,Vienna Logistics,1
1019.3,Clear,Road,79.2,0,Antwerp Freight,Zurich Terminus,0
772.8,Rain,Road,93.2,0,Antwerp Freight,Prague Depot,0
85.8,Clear,Road,78.6,0,Antwerp Freight,Paris Nord,0
749.8,Clear,Road,78.1,1,Munich Hub,Berlin DC,0
471.2,Rain,Rail,83.7,0,Frankfurt Central,Prague Depot,0
512.9,Rain,Rail,54.9,0,Frankfurt Central,Warsaw Crossdock,1
1141.0,Clear,Road,74.9,0,Antwerp Freight,Prague Depot,0
1147.6,Clear,Rail,72.7,0,Rotterdam Gate,Zurich Terminus,0
1029.5,Fog,Road,91.0,0,Rotterdam Gate,Zurich Terminus,0
647.4,Rain,Road,83.5,0,Rotterdam Gate,Prague Depot,0
941.2,Rain,Road,71.3,0,Milan Cargo,Prague Depot,0
652.0,Clear,Road,71.1,0,Rotterdam Gate,Berlin DC,0
107.5,Rain,Road,69.6,0,Milan Cargo,Warsaw Crossdock,0
987.4,Clear,Road,54.0,0,Antwerp Freight,Paris Nord,0
707.0,Clear,Road,65.3,1,Frankfurt Central,Prague Depot,0
922.6,Storm,Road,76.1,0,Rotterdam Gate,Berlin DC,1
515.3,Snow,Road,77.1,0,Rotterdam Gate,Prague Depot,0
347.2,Rain,Road,79.8,0,Milan Cargo,Berlin DC,0
1670.7,Rain,Rail,78.9,0,Rotterdam Gate,Vienna Logistics,1
992.0,Snow,Rail,60.3,1,Frankfurt Central,Paris Nord,1
403.3,Clear,Road,68.4,0,Frankfurt Central,Zurich Terminus,0
885.3,Fog,Road,89.7,0,Hamburg Port,Prague Depot,0
682.7,Clear,Air,71.5,0,Munich Hub,Paris Nord,0
1051.6,Fog,Rail,72.9,0,Frankfurt Central,Vienna Logistics,0
2429.4,Snow,Air,74.0,0,Munich Hub,Vienna Logistics,1
586.2,Clear,Road,91.1,0,Milan Cargo,Warsaw Crossdock,0
82.8,Snow,Road,70.5,0,Hamburg Port,Paris Nord,1
441.6,Fog,Road,84.8,0,Frankfurt Central,Paris Nord,0
1465.1,Clear,Air,52.3,0,Munich Hub,Berlin DC,1
1092.3,Clear,Road,72.9,0,Antwerp Freight,Zurich Terminus,0
228.6,Clear,Road,95.4,0,Antwerp Freight,Berlin DC,0
363.9,Clear,Rail,85.0,0,Munich Hub,Vienna Logistics,0
1176.5,Clear,Rail,77.4,0,Antwerp Freight,Vienna Logistics,0
814.5,Storm,Rail,84.8,0,Munich Hub,Vienna Logistics,0
682.6,Fog,Rail,62.4,1,Antwerp Freight,Berlin DC,1
1045.3,Rain,Rail,76.3,0,Munich Hub,Vienna Logistics,0
373.6,Clear,Road,75.6,0,Rotterdam Gate,Berlin DC,0
652.7,Clear,Road,64.1,0,Milan Cargo,Vienna Logistics,0
1367.9,Clear,Rail,61.5,0,Antwerp Freight,Warsaw Crossdock,1
1147.4,Storm,Road,64.1,1,Antwerp Freight,Vienna Logistics,1
561.6,Fog,Air,94.1,0,Hamburg Port,Warsaw Crossdock,1
946.1,Clear,Road,93.3,1,Rotterdam Gate,Prague Depot,0
1110.7,Clear,Road,90.6,0,Munich Hub,Vienna Logistics,0
497.5,Clear,Road,85.7,0,Antwerp Freight,Zurich Terminus,0
1152.5,Fog,Air,65.6,0,Munich Hub,Paris Nord,1
1473.6,Storm,Rail,91.7,0,Rotterdam Gate,Vienna Logistics,0
1558.4,Clear,Rail,77.6,0,Munich Hub,Zurich Terminus,0
1591.5,Snow,Air,91.6,0,Munich Hub,Berlin DC,1
1063.0,Clear,Sea,51.1,0,Milan Cargo,Berlin DC,1
448.7,Storm,Rail,68.3,0,Frankfurt Central,Vienna Logistics,1
256.5,Clear,Road,91.7,0,Hamburg Port,Paris Nord,0
1667.5,Snow,Air,89.8,1,Frankfurt Central,Berlin DC,1
848.6,Clear,Road,91.5,0,Frankfurt Central,Vienna Logistics,0
268.1,Clear,Road,79.0,0,Hamburg Port,Berlin DC,0
246.5,Clear,Road,70.2,0,Frankfurt Central,Vienna Logistics,0
1023.2,Rain,Air,37.5,0,Rotterdam Gate,Vienna Logistics,1
109.2,Clear,Road,60.3,0,Milan Cargo,Prague Depot,0
1466.0,Clear,Rail,49.5,0,Frankfurt Central,Warsaw Crossdock,1
479.0,Rain,Sea,75.7,0,Hamburg Port,Warsaw Crossdock,1
340.5,Rain,Road,98.7,0,Hamburg Port,Vienna Logistics,0
1179.5,Fog,Air,29.4,0,Antwerp Freight,Vienna Logistics,1
256.4,Clear,Road,93.2,0,Munich Hub,Zurich Terminus,0
1294.6,Rain,Air,70.7,0,Hamburg Port,Vienna Logistics,1
1698.7,Clear,Rail,75.2,0,Hamburg Port,Prague Depot,0
737.2,Rain,Rail,64.6,1,Munich Hub,Warsaw Crossdock,1
500.4,Fog,Road,78.7,0,Rotterdam Gate,Paris Nord,0
197.3,Clear,Road,84.2,0,Munich Hub,Zurich Terminus,0
862.0,Clear,Sea,75.9,0,Rotterdam Gate,Warsaw Crossdock,0
135.6,Clear,Road,87.7,0,Hamburg Port,Warsaw Crossdock,0
406.8,Clear,Road,68.2,0,Frankfurt Central,Berlin DC,0
1071.8,Rain,Road,80.2,0,Munich Hub,Warsaw Crossdock,0
686.4,Clear,Road,58.3,0,Antwerp Freight,Berlin DC,0
168.4,Fog,Road,83.8,0,Rotterdam Gate,Prague Depot,1
317.3,Snow,Road,86.6,0,Rotterdam Gate,Vienna Logistics,0
2959.7,Clear,Sea,62.4,0,Frankfurt Central,Prague Depot,0
544.2,Rain,Road,49.3,0,Milan Cargo,Prague Depot,0
2343.6,Fog,Air,64.6,0,Munich Hub,Zurich Terminus,1
1950.1,Clear,Air,67.0,0,Rotterdam Gate,Berlin DC,0
1938.2,Fog,Air,54.5,0,Hamburg Port,Zurich Terminus,1
798.3,Rain,Rail,82.9,0,Rotterdam Gate,Warsaw Crossdock,0
1012.9,Clear,Road,82.8,0,Milan Cargo,Prague Depot,0
627.4,Rain,Road,73.5,0,Antwerp Freight,Berlin DC,0
110.7,Fog,Road,69.8,0,Hamburg Port,Warsaw Crossdock,0
274.0,Rain,Road,76.8,0,Antwerp Freight,Berlin DC,0
1463.9,Fog,Air,65.3,0,Hamburg Port,Paris Nord,0
677.6,Rain,Rail,49.8,0,Hamburg Port,Prague Depot,1
1760.1,Fog,Air,67.7,0,Frankfurt Central,Berlin DC,1
503.9,Storm,Rail,77.4,0,Munich Hub,Prague Depot,0
2340.6,Fog,Air,82.8,0,Milan Cargo,Zurich Terminus,1
913.5,Clear,Road,76.0,0,Hamburg Port,Warsaw Crossdock,0
1710.9,Fog,Rail,57.8,0,Rotterdam Gate,Berlin DC,0
2900.0,Clear,Sea,85.2,0,Frankfurt Central,Vienna Logistics,0
684.9,Rain,Air,79.5,0,Milan Cargo,Vienna Logistics,0
228.7,Storm,Rail,53.1,0,Munich Hub,Zurich Terminus,1
131.2,Clear,Road,76.6,1,Milan Cargo,Prague Depot,0
1183.1,Clear,Road,65.8,0,Frankfurt Central,Paris Nord,0
277.7,Clear,Rail,69.1,0,Rotterdam Gate,Warsaw Crossdock,0
821.1,Rain,Road,73.1,0,Antwerp Freight,Warsaw Crossdock,1
199.0,Clear,Road,76.1,0,Antwerp Freight,Prague Depot,1
342.6,Rain,Road,61.4,0,Rotterdam Gate,Vienna Logistics,1
930.8,Fog,Rail,32.0,0,Antwerp Freight,Berlin DC,1
472.8,Fog,Rail,65.0,1,Munich Hub,Berlin DC,0
1161.1,Clear,Sea,55.2,0,Frankfurt Central,Berlin DC,1
1483.6,Clear,Rail,81.5,1,Frankfurt Central,Berlin DC,0
1074.1,Rain,Road,60.6,0,Antwerp Freight,Vienna Logistics,1
893.9,Rain,Road,67.2,0,Antwerp Freight,Warsaw Crossdock,0
1815.6,Clear,Sea,85.9,0,Milan Cargo,Berlin DC,0
665.5,Clear,Air,89.4,0,Milan Cargo,Warsaw Crossdock,0
120.1,Clear,Road,60.3,0,Antwerp Freight,Warsaw Crossdock,0
329.7,Clear,Road,67.6,0,Rotterdam Gate,Zurich Terminus,0
462.3,Storm,Road,87.1,0,Munich Hub,Berlin DC,1
764.2,Storm,Road,69.9,0,Antwerp Freight,Warsaw Crossdock,1
1275.4,Clear,Rail,63.9,0,Munich Hub,Paris Nord,0
649.3,Fog,Road,88.8,0,Milan Cargo,Paris Nord,0
1308.0,Clear,Rail,74.0,0,Milan Cargo,Paris Nord,0
702.3,Fog,Rail,87.6,0,Milan Cargo,Zurich Terminus,0
1733.3,Snow,Rail,80.3,0,Antwerp Freight,Vienna Logistics,0
1100.4,Storm,Air,81.1,1,Rotterdam Gate,Warsaw Crossdock,1
401.0,Storm,Road,58.0,0,Frankfurt Central,Zurich Terminus,1
804.8,Rain,Road,55.5,0,Antwerp Freight,Warsaw Crossdock,1
1938.8,Clear,Air,59.4,0,Rotterdam Gate,Paris Nord,0
1441.8,Rain,Rail,79.2,0,Hamburg Port,Prague Depot,1
734.1,Rain,Road,57.1,0,Rotterdam Gate,Zurich Terminus,0
1655.3,Clear,Air,56.8,0,Milan Cargo,Warsaw Crossdock,0
471.3,Rain,Road,87.5,0,Frankfurt Central,Paris Nord,0
349.2,Clear,Road,85.3,0,Antwerp Freight,Berlin DC,0
239.5,Clear,Rail,73.5,0,Munich Hub,Paris Nord,0
1906.3,Clear,Sea,90.9,0,Munich Hub,Berlin DC,0
848.4,Fog,Road,68.2,1,Rotterdam Gate,Warsaw Crossdock,1
516.2,Clear,Road,78.4,0,Rotterdam Gate,Warsaw Crossdock,0
564.7,Clear,Air,50.5,0,Hamburg Port,Paris Nord,0
1949.9,Clear,Sea,97.7,0,Antwerp Freight,Warsaw Crossdock,0
1362.8,Storm,Sea,71.2,0,Hamburg Port,Vienna Logistics,1
3184.1,Fog,Sea,80.7,1,Milan Cargo,Berlin DC,1
575.3,Clear,Rail,81.6,0,Rotterdam Gate,Zurich Terminus,0
872.2,Fog,Sea,58.9,0,Milan Cargo,Zurich Terminus,1
578.8,Clear,Road,91.9,1,Antwerp Freight,Warsaw Crossdock,0
1363.9,Storm,Rail,79.3,0,Frankfurt Central,Zurich Terminus,1
1798.0,Rain,Rail,78.1,0,Frankfurt Central,Berlin DC,0
1260.3,Clear,Rail,78.1,0,Milan Cargo,Berlin DC,0
1748.4,Snow,Rail,83.3,0,Frankfurt Central,Prague Depot,1
606.0,Fog,Road,63.3,0,Frankfurt Central,Prague Depot,0
812.1,Rain,Road,51.6,0,Hamburg Port,Prague Depot,1
513.9,Storm,Air,90.0,0,Hamburg Port,Paris Nord,1
1888.3,Rain,Air,87.7,0,Frankfurt Central,Zurich Terminus,0
415.6,Clear,Rail,87.3,0,Frankfurt Central,Berlin DC,0
1605.6,Snow,Rail,74.8,0,Rotterdam Gate,Prague Depot,1
468.4,Rain,Rail,74.1,0,Milan Cargo,Vienna Logistics,1
2316.2,Rain,Sea,90.3,0,Munich Hub,Vienna Logistics,0
1910.0,Rain,Sea,23.0,0,Munich Hub,Paris Nord,0
1749.9,Clear,Sea,65.8,0,Antwerp Freight,Prague Depot,1
1358.2,Clear,Air,49.1,1,Frankfurt Central,Berlin DC,1
485.7,Rain,Road,75.0,0,Antwerp Freight,Vienna Logistics,0
486.0,Rain,Rail,61.8,1,Frankfurt Central,Paris Nord,0
2493.4,Clear,Air,44.3,0,Munich Hub,Warsaw Crossdock,1
1490.5,Fog,Air,84.0,0,Antwerp Freight,Berlin DC,0
1159.2,Rain,Road,73.7,1,Rotterdam Gate,Prague Depot,1
1317.5,Storm,Rail,81.0,0,Frankfurt Central,Berlin DC,1
736.4,Clear,Road,91.3,0,Hamburg Port,Paris Nord,0
1121.3,Rain,Road,78.6,1,Hamburg Port,Vienna Logistics,0
2207.6,Snow,Air,62.5,0,Munich Hub,Prague Depot,1
789.7,Clear,Road,95.3,0,Munich Hub,Paris Nord,0
1123.2,Fog,Road,84.5,0,Antwerp Freight,Warsaw Crossdock,1
1110.6,Clear,Road,73.1,0,Milan Cargo,Zurich Terminus,1
1183.6,Rain,Road,83.9,0,Rotterdam Gate,Zurich Terminus,0
685.7,Storm,Road,65.5,0,Munich Hub,Prague Depot,1
316.0,Rain,Road,70.9,0,Rotterdam Gate,Zurich Terminus,0
864.8,Rain,Road,79.5,1,Hamburg Port,Vienna Logistics,0
1666.2,Storm,Air,81.3,0,Frankfurt Central,Berlin DC,1
361.1,Clear,Road,74.3,0,Milan Cargo,Warsaw Crossdock,1
704.4,Clear,Road,83.3,0,Antwerp Freight,Zurich Terminus,0
444.1,Snow,Road,75.9,0,Milan Cargo,Vienna Logistics,1
1581.1,Rain,Sea,81.5,0,Frankfurt Central,Vienna Logistics,0
920.5,Storm,Rail,82.6,0,Rotterdam Gate,Zurich Terminus,0
187.0,Clear,Road,54.7,1,Antwerp Freight,Berlin DC,0
909.1,Clear,Rail,68.7,0,Rotterdam Gate,Zurich Terminus,0
1142.3,Rain,Road,76.1,0,Milan Cargo,Zurich Terminus,0
1427.9,Rain,Air,53.4,0,Hamburg Port,Paris Nord,1
1735.8,Snow,Sea,96.3,0,Munich Hub,Warsaw Crossdock,1
374.5,Clear,Road,58.8,0,Antwerp Freight,Warsaw Crossdock,0
1367.1,Storm,Air,63.2,0,Hamburg Port,Warsaw Crossdock,1
381.5,Clear,Road,86.8,0,Milan Cargo,Berlin DC,0
966.4,Snow,Road,71.0,0,Hamburg Port,Paris Nord,1
1092.1,Clear,Sea,72.5,0,Antwerp Freight,Vienna Logistics,0
1129.9,Rain,Road,68.3,0,Hamburg Port,Vienna Logistics,1
389.2,Clear,Road,45.8,0,Antwerp Freight,Paris Nord,0
772.9,Clear,Road,81.7,0,Munich Hub,Vienna Logistics,0
2089.1,Snow,Air,89.5,0,Frankfurt Central,Zurich Terminus,1
1068.4,Storm,Rail,71.7,0,Munich Hub,Paris Nord,0
997.7,Rain,Road,61.2,0,Frankfurt Central,Berlin DC,0
887.5,Storm,Road,80.9,0,Milan Cargo,Zurich Terminus,1
306.7,Clear,Rail,70.5,0,Antwerp Freight,Zurich Terminus,0
758.7,Clear,Road,72.8,0,Antwerp Freight,Prague Depot,1
493.4,Snow,Road,85.6,1,Milan Cargo,Warsaw Crossdock,1
1050.7,Clear,Rail,76.5,0,Frankfurt Central,Prague Depot,1
825.1,Clear,Road,72.1,0,Antwerp Freight,Prague Depot,0
2765.6,Rain,Sea,81.8,0,Hamburg Port,Zurich Terminus,1
118.8,Snow,Road,84.6,1,Rotterdam Gate,Paris Nord,0
1948.4,Clear,Air,65.7,0,Frankfurt Central,Zurich Terminus,1
416.3,Clear,Road,85.2,0,Hamburg Port,Prague Depot,0
700.3,Storm,Air,61.6,0,Rotterdam Gate,Warsaw Crossdock,1
942.8,Snow,Road,74.3,0,Rotterdam Gate,Paris Nord,1
445.1,Clear,Rail,74.6,0,Milan Cargo,Vienna Logistics,0
620.1,Storm,Rail,62.2,0,Rotterdam Gate,Prague Depot,1
1795.3,Rain,Rail,82.7,0,Rotterdam Gate,Warsaw Crossdock,0
814.1,Clear,Road,84.2,0,Hamburg Port,Zurich Terminus,0
847.6,Snow,Road,85.1,0,Rotterdam Gate,Berlin DC,0
1140.7,Clear,Air,61.6,0,Hamburg Port,Berlin DC,0
2346.2,Rain,Sea,85.3,0,Milan Cargo,Paris Nord,0
1034.3,Clear,Road,96.0,0,Munich Hub,Berlin DC,0
433.3,Snow,Road,90.8,0,Rotterdam Gate,Prague Depot,1
255.8,Clear,Road,64.5,0,Milan Cargo,Zurich Terminus,0
1199.9,Clear,Road,85.4,0,Munich Hub,Warsaw Crossdock,0
429.9,Rain,Road,89.0,0,Rotterdam Gate,Vienna Logistics,0
1038.1,Clear,Rail,31.0,0,Frankfurt Central,Vienna Logistics,1
2348.3,Storm,Air,74.0,0,Hamburg Port,Vienna Logistics,0
286.9,Storm,Road,86.5,0,Hamburg Port,Vienna Logistics,1
1484.4,Clear,Air,80.7,0,Antwerp Freight,Paris Nord,1
1023.2,Snow,Sea,87.1,0,Rotterdam Gate,Berlin DC,0
1776.7,Clear,Air,84.2,0,Rotterdam Gate,Vienna Logistics,0
922.6,Storm,Rail,68.9,0,Antwerp Freight,Warsaw Crossdock,1
766.7,Rain,Road,75.7,0,Hamburg Port,Zurich Terminus,0
2349.1,Storm,Sea,64.9,0,Munich Hub,Vienna Logistics,1
2630.2,Rain,Sea,91.0,0,Hamburg Port,Zurich Terminus,0
1719.6,Storm,Rail,57.3,0,Rotterdam Gate,Warsaw Crossdock,0
897.8,Clear,Road,64.9,0,Frankfurt Central,Warsaw Crossdock,0
926.0,Clear,Rail,97.0,0,Rotterdam Gate,Vienna Logistics,0
242.8,Clear,Road,47.0,1,Frankfurt Central,Vienna Logistics,1
1306.4,Rain,Rail,87.0,0,Frankfurt Central,Vienna Logistics,0
2271.0,Fog,Air,78.2,0,Hamburg Port,Paris Nord,1
719.9,Clear,Road,54.2,0,Frankfurt Central,Warsaw Crossdock,0
710.2,Clear,Road,74.4,0,Milan Cargo,Prague Depot,0
972.3,Clear,Road,74.7,1,Frankfurt Central,Berlin DC,0
156.0,Rain,Road,75.8,0,Antwerp Freight,Vienna Logistics,0
833.2,Clear,Road,80.1,0,Frankfurt Central,Vienna Logistics,0
1103.9,Clear,Rail,96.1,0,Rotterdam Gate,Warsaw Crossdock,0
114.9,Snow,Road,84.8,0,Hamburg Port,Berlin DC,1
346.2,Clear,Road,83.5,1,Munich Hub,Zurich Terminus,0
620.6,Clear,Road,72.8,1,Frankfurt Central,Berlin DC,0
514.1,Clear,Road,48.7,0,Antwerp Freight,Vienna Logistics,0
236.0,Storm,Rail,88.2,0,Munich Hub,Prague Depot,0
1153.3,Clear,Road,73.3,0,Hamburg Port,Vienna Logistics,0
766.9,Clear,Road,85.7,0,Hamburg Port,Prague Depot,0
1537.9,Rain,Rail,84.0,0,Frankfurt Central,Warsaw Crossdock,0
1478.0,Snow,Air,64.5,0,Milan Cargo,Berlin DC,1
863.6,Fog,Road,95.0,0,Milan Cargo,Zurich Terminus,0
403.8,Storm,Rail,43.7,0,Frankfurt Central,Zurich Terminus,1
1758.2,Rain,Rail,54.0,0,Rotterdam Gate,Vienna Logistics,1
830.0,Rain,Road,75.5,1,Hamburg Port,Prague Depot,0
1511.8,Rain,Rail,90.0,1,Milan Cargo,Berlin DC,0
924.8,Storm,Rail,70.9,0,Antwerp Freight,Berlin DC,0
180.0,Snow,Road,47.3,0,Rotterdam Gate,Warsaw Crossdock,1
1765.9,Clear,Rail,89.7,0,Milan Cargo,Berlin DC,0
235.8,Clear,Road,79.9,0,Rotterdam Gate,Prague Depot,0
430.4,Clear,Rail,92.5,0,Frankfurt Central,Vienna Logistics,0
998.5,Rain,Road,74.1,0,Milan Cargo,Vienna Logistics,0
2013.8,Clear,Sea,70.0,1,Antwerp Freight,Prague Depot,0
1176.1,Rain,Rail,59.3,0,Hamburg Port,Paris Nord,0
1898.1,Rain,Sea,88.2,0,Milan Cargo,Zurich Terminus,0
1046.9,Clear,Air,73.7,0,Milan Cargo,Warsaw Crossdock,0
166.1,Rain,Road,76.0,0,Munich Hub,Zurich Terminus,0
276.4,Rain,Road,89.5,1,Antwerp Freight,Vienna Logistics,0
635.5,Snow,Road,60.5,0,Frankfurt Central,Prague Depot,0
417.5,Clear,Road,78.0,0,Munich Hub,Berlin DC,0
1118.5,Fog,Road,92.7,0,Frankfurt Central,Prague Depot,0
1036.2,Clear,Air,68.1,0,Hamburg Port,Zurich Terminus,0
1277.2,Rain,Sea,56.3,0,Milan Cargo,Zurich Terminus,1
1630.3,Clear,Rail,84.0,1,Milan Cargo,Berlin DC,0
1485.1,Storm,Rail,79.6,0,Rotterdam Gate,Warsaw Crossdock,0
1179.1,Fog,Air,48.7,0,Rotterdam Gate,Warsaw Crossdock,1
1120.0,Clear,Road,76.3,0,Hamburg Port,Vienna Logistics,0
719.9,Clear,Road,60.8,0,Antwerp Freight,Zurich Terminus,1
1024.6,Fog,Rail,58.0,0,Antwerp Freight,Zurich Terminus,0
1405.0,Rain,Sea,72.5,1,Rotterdam Gate,Berlin DC,1
1108.9,Fog,Air,74.6,1,Hamburg Port,Berlin DC,0
108.4,Clear,Road,64.8,0,Rotterdam Gate,Warsaw Crossdock,0
887.5,Clear,Road,64.7,0,Munich Hub,Berlin DC,0
812.3,Clear,Road,92.5,1,Frankfurt Central,Berlin DC,0
764.6,Fog,Road,92.3,0,Munich Hub,Zurich Terminus,0
1016.8,Rain,Road,77.1,1,Munich Hub,Warsaw Crossdock,1
901.9,Rain,Rail,54.8,1,Rotterdam Gate,Vienna Logistics,1
1374.1,Rain,Air,73.5,0,Munich Hub,Warsaw Crossdock,0
260.2,Snow,Rail,49.2,1,Rotterdam Gate,Vienna Logistics,1
1633.4,Clear,Air,58.6,0,Munich Hub,Prague Depot,0
1113.4,Rain,Road,71.1,0,Antwerp Freight,Paris Nord,1
1518.6,Clear,Air,49.8,0,Munich Hub,Prague Depot,1
335.1,Clear,Road,80.2,1,Antwerp Freight,Zurich Terminus,0
232.8,Rain,Road,90.5,1,Frankfurt Central,Prague Depot,1
961.7,Clear,Air,52.8,0,Rotterdam Gate,Paris Nord,0
2056.4,Rain,Sea,72.8,0,Rotterdam Gate,Prague Depot,1
438.4,Fog,Rail,76.3,1,Milan Cargo,Vienna Logistics,0
923.4,Rain,Road,86.9,0,Munich Hub,Paris Nord,0
594.4,Rain,Road,88.3,0,Munich Hub,Paris Nord,0
1199.1,Clear,Air,64.3,0,Munich Hub,Warsaw Crossdock,0
1124.1,Rain,Road,79.0,0,Antwerp Freight,Berlin DC,0
1437.7,Storm,Rail,60.9,0,Antwerp Freight,Prague Depot,1
1173.0,Storm,Air,85.7,0,Antwerp Freight,Vienna Logistics,0
2388.8,Rain,Air,64.9,0,Rotterdam Gate,Warsaw Crossdock,0
280.3,Clear,Road,81.1,0,Frankfurt Central,Paris Nord,0
550.5,Snow,Road,48.2,0,Antwerp Freight,Prague Depot,1
1520.9,Rain,Air,75.5,0,Milan Cargo,Zurich Terminus,0
1027.0,Clear,Road,79.8,0,Frankfurt Central,Paris Nord,0
838.6,Fog,Air,57.9,0,Antwerp Freight,Warsaw Crossdock,1
460.2,Clear,Rail,72.9,1,Hamburg Port,Vienna Logistics,0
1761.0,Clear,Rail,70.8,0,Hamburg Port,Vienna Logistics,1
851.8,Fog,Road,90.2,0,Milan Cargo,Warsaw Crossdock,0
761.1,Clear,Road,50.0,0,Frankfurt Central,Paris Nord,0
755.6,Clear,Road,66.7,0,Munich Hub,Prague Depot,0
425.1,Clear,Road,83.4,0,Rotterdam Gate,Zurich Terminus,0
1015.8,Storm,Road,82.6,0,Antwerp Freight,Paris Nord,1
1104.1,Clear,Road,61.9,1,Milan Cargo,Paris Nord,0
706.4,Fog,Road,74.0,0,Munich Hub,Zurich Terminus,1
936.5,Rain,Road,69.5,0,Rotterdam Gate,Warsaw Crossdock,0
228.1,Clear,Rail,83.5,0,Antwerp Freight,Berlin DC,0
1728.3,Clear,Rail,48.0,0,Munich Hub,Zurich Terminus,0
1026.4,Clear,Road,73.0,0,Frankfurt Central,Prague Depot,0
952.3,Clear,Road,85.2,0,Frankfurt Central,Berlin DC,0
1323.6,Fog,Rail,85.0,1,Antwerp Freight,Prague Depot,0
875.1,Storm,Road,66.4,1,Milan Cargo,Prague Depot,1
663.2,Rain,Air,94.9,0,Munich Hub,Paris Nord,0
154.2,Clear,Road,64.2,0,Munich Hub,Paris Nord,0
3056.6,Fog,Sea,70.1,0,Munich Hub,Vienna Logistics,1
1345.3,Storm,Rail,51.9,0,Munich Hub,Prague Depot,1
1587.5,Fog,Sea,61.4,0,Munich Hub,Vienna Logistics,1
265.0,Storm,Rail,78.5,0,Rotterdam Gate,Zurich Terminus,1
1022.0,Clear,Road,85.4,0,Hamburg Port,Paris Nord,1
240.6,Rain,Road,88.2,0,Rotterdam Gate,Prague Depot,1
2022.9,Clear,Air,64.6,0,Milan Cargo,Paris Nord,0
847.1,Rain,Rail,82.6,0,Rotterdam Gate,Zurich Terminus,1
1471.4,Rain,Sea,72.9,1,Munich Hub,Paris Nord,0
984.4,Clear,Rail,45.9,0,Rotterdam Gate,Paris Nord,0
594.8,Clear,Road,41.4,1,Rotterdam Gate,Paris Nord,0
700.2,Rain,Road,72.1,1,Rotterdam Gate,Berlin DC,1
148.8,Storm,Road,80.3,0,Antwerp Freight,Zurich Terminus,1
1191.0,Clear,Road,81.7,0,Antwerp Freight,Zurich Terminus,0
259.8,Clear,Rail,76.5,1,Munich Hub,Zurich Terminus,0
721.2,Clear,Road,77.3,0,Munich Hub,Zurich Terminus,0
2264.8,Fog,Air,92.9,0,Rotterdam Gate,Warsaw Crossdock,1
1147.0,Storm,Rail,66.7,0,Antwerp Freight,Berlin DC,1
544.0,Rain,Road,59.1,0,Hamburg Port,Paris Nord,0
1157.6,Rain,Road,74.8,0,Milan Cargo,Vienna Logistics,0
847.5,Clear,Road,76.4,1,Hamburg Port,Paris Nord,1
610.3,Fog,Rail,89.8,0,Rotterdam Gate,Zurich Terminus,0
258.5,Rain,Road,45.4,0,Rotterdam Gate,Paris Nord,0
1084.1,Storm,Road,89.6,0,Antwerp Freight,Paris Nord,1
1000.4,Clear,Rail,57.8,0,Antwerp Freight,Vienna Logistics,0
1158.2,Rain,Air,68.2,0,Munich Hub,Vienna Logistics,1
617.4,Clear,Air,89.1,0,Hamburg Port,Paris Nord,0
1514.2,Clear,Rail,43.8,0,Hamburg Port,Vienna Logistics,0
1153.5,Rain,Road,86.5,0,Frankfurt Central,Zurich Terminus,0
2518.7,Clear,Sea,83.5,0,Rotterdam Gate,Zurich Terminus,0
1719.1,Fog,Sea,61.5,0,Hamburg Port,Berlin DC,0
754.4,Rain,Road,82.2,1,Antwerp Freight,Zurich Terminus,0
702.0,Clear,Rail,58.1,0,Frankfurt Central,Berlin DC,0
1664.2,Clear,Sea,72.2,1,Milan Cargo,Warsaw Crossdock,1
705.6,Clear,Road,91.0,0,Milan Cargo,Vienna Logistics,0
438.8,Rain,Rail,74.1,0,Munich Hub,Paris Nord,1
1059.0,Snow,Air,81.3,0,Frankfurt Central,Vienna Logistics,0
967.6,Clear,Road,65.5,0,Antwerp Freight,Warsaw Crossdock,1
1513.2,Fog,Sea,69.4,1,Rotterdam Gate,Vienna Logistics,1
476.8,Snow,Road,61.0,0,Munich Hub,Zurich Terminus,1
1966.8,Clear,Sea,75.3,0,Rotterdam Gate,Warsaw Crossdock,1
210.9,Rain,Road,73.4,0,Hamburg Port,Warsaw Crossdock,0
1162.6,Clear,Air,55.6,1,Hamburg Port,Prague Depot,1
870.7,Clear,Road,77.8,0,Frankfurt Central,Vienna Logistics,0
879.4,Clear,Air,74.6,0,Munich Hub,Zurich Terminus,0
1110.9,Storm,Road,86.4,0,Munich Hub,Prague Depot,1
1010.4,Clear,Road,97.8,0,Munich Hub,Zurich Terminus,0
2631.7,Snow,Sea,45.1,0,Hamburg Port,Warsaw Crossdock,1
943.4,Clear,Road,83.0,0,Munich Hub,Paris Nord,0
564.2,Clear,Road,73.8,0,Antwerp Freight,Vienna Logistics,0
344.4,Clear,Rail,84.3,1,Rotterdam Gate,Paris Nord,0
448.1,Clear,Rail,72.6,0,Rotterdam Gate,Warsaw Crossdock,1
1598.5,Fog,Air,86.4,1,Frankfurt Central,Warsaw Crossdock,1
1429.8,Clear,Rail,49.2,0,Milan Cargo,Zurich Terminus,0
1444.9,Storm,Air,55.5,0,Hamburg Port,Prague Depot,1
678.5,Fog,Road,54.7,0,Milan Cargo,Zurich Terminus,0
2290.3,Rain,Sea,44.3,0,Milan Cargo,Zurich Terminus,1
1023.1,Clear,Road,93.8,1,Rotterdam Gate,Warsaw Crossdock,0
102.0,Clear,Road,80.4,0,Antwerp Freight,Warsaw Crossdock,0
545.6,Fog,Road,62.8,1,Munich Hub,Warsaw Crossdock,0
101.3,Clear,Road,83.4,0,Antwerp Freight,Paris Nord,0
233.3,Clear,Rail,75.1,0,Milan Cargo,Warsaw Crossdock,0
2018.3,Rain,Air,76.7,0,Antwerp Freight,Warsaw Crossdock,1
620.8,Rain,Road,64.8,0,Frankfurt Central,Zurich Terminus,0
257.6,Fog,Road,83.3,1,Munich Hub,Zurich Terminus,1
2117.2,Storm,Air,55.3,0,Hamburg Port,Zurich Terminus,1
1780.3,Snow,Air,87.0,0,Rotterdam Gate,Berlin DC,1
1546.6,Storm,Air,86.5,0,Antwerp Freight,Zurich Terminus,0
377.9,Clear,Road,73.5,0,Rotterdam Gate,Zurich Terminus,0
538.4,Fog,Road,57.6,1,Frankfurt Central,Vienna Logistics,0
945.1,Clear,Road,93.0,0,Munich Hub,Berlin DC,0
2542.6,Storm,Air,62.6,0,Antwerp Freight,Warsaw Crossdock,1
913.9,Snow,Rail,49.9,0,Milan Cargo,Prague Depot,0
677.0,Storm,Air,64.6,0,Antwerp Freight,Paris Nord,1
237.5,Clear,Rail,89.4,0,Hamburg Port,Prague Depot,0
1045.5,Storm,Air,61.6,0,Milan Cargo,Berlin DC,1
1630.9,Snow,Rail,72.7,0,Frankfurt Central,Warsaw Crossdock,0
1031.5,Rain,Rail,63.5,0,Antwerp Freight,Prague Depot,0
1500.1,Clear,Air,71.4,0,Munich Hub,Berlin DC,0
572.9,Rain,Road,52.1,0,Hamburg Port,Prague Depot,1
1434.1,Storm,Sea,68.6,0,Rotterdam Gate,Berlin DC,1
240.0,Clear,Road,86.4,0,Hamburg Port,Zurich Terminus,1
586.7,Rain,Road,50.9,1,Munich Hub,Paris Nord,1
438.4,Storm,Rail,74.0,0,Antwerp Freight,Paris Nord,1
1585.5,Storm,Rail,64.4,0,Antwerp Freight,Paris Nord,1
1123.0,Clear,Rail,72.2,0,Milan Cargo,Berlin DC,1
870.3,Storm,Road,70.8,0,Munich Hub,Zurich Terminus,1
1042.8,Clear,Road,86.3,0,Munich Hub,Zurich Terminus,1
1156.5,Rain,Road,73.9,1,Hamburg Port,Paris Nord,0
608.9,Snow,Air,78.5,0,Hamburg Port,Paris Nord,1
789.6,Clear,Road,89.8,0,Milan Cargo,Paris Nord,0
1550.9,Clear,Air,78.7,0,Milan Cargo,Paris Nord,0
2138.0,Fog,Sea,93.0,0,Munich Hub,Berlin DC,1
946.8,Snow,Air,91.0,1,Antwerp Freight,Paris Nord,0
942.8,Snow,Air,50.5,0,Antwerp Freight,Prague Depot,0
714.6,Clear,Rail,73.5,1,Antwerp Freight,Paris Nord,1
1314.4,Clear,Rail,90.3,0,Munich Hub,Warsaw Crossdock,0
990.3,Rain,Road,90.3,0,Antwerp Freight,Paris Nord,0
394.9,Clear,Road,69.1,0,Rotterdam Gate,Berlin DC,0
2379.5,Clear,Sea,47.5,0,Hamburg Port,Berlin DC,0
1104.2,Rain,Rail,83.5,0,Antwerp Freight,Warsaw Crossdock,0
839.3,Storm,Road,72.0,0,Milan Cargo,Warsaw Crossdock,1
216.3,Fog,Road,73.4,0,Hamburg Port,Paris Nord,1
298.0,Clear,Road,89.9,0,Rotterdam Gate,Prague Depot,0
354.8,Clear,Rail,69.4,0,Frankfurt Central,Zurich Terminus,0
141.0,Clear,Road,64.4,0,Munich Hub,Paris Nord,1
636.6,Clear,Air,64.9,0,Munich Hub,Paris Nord,1
507.2,Rain,Road,73.2,0,Antwerp Freight,Berlin DC,0
1281.2,Clear,Rail,46.2,1,Milan Cargo,Prague Depot,0
650.0,Fog,Road,65.0,1,Milan Cargo,Vienna Logistics,1
1071.4,Storm,Road,85.5,0,Milan Cargo,Warsaw Crossdock,1
648.0,Rain,Road,83.7,0,Milan Cargo,Warsaw Crossdock,0
2079.3,Rain,Sea,73.1,0,Antwerp Freight,Paris Nord,0
329.8,Clear,Road,78.1,0,Munich Hub,Paris Nord,0
113.6,Clear,Road,76.4,0,Frankfurt Central,Berlin DC,1
1071.6,Clear,Road,76.5,1,Munich Hub,Vienna Logistics,1
733.0,Clear,Air,59.3,0,Antwerp Freight,Vienna Logistics,0
1115.1,Clear,Road,83.9,0,Rotterdam Gate,Warsaw Crossdock,1
1463.3,Clear,Rail,53.8,0,Milan Cargo,Prague Depot,0
2161.1,Storm,Air,80.0,0,Rotterdam Gate,Vienna Logistics,1
1150.4,Rain,Road,67.2,0,Antwerp Freight,Zurich Terminus,1
422.7,Fog,Road,81.8,1,Frankfurt Central,Paris Nord,0
603.7,Rain,Road,78.8,0,Rotterdam Gate,Prague Depot,1
1023.7,Clear,Road,59.7,1,Antwerp Freight,Berlin DC,1
993.4,Clear,Road,69.1,0,Frankfurt Central,Warsaw Crossdock,0
415.4,Fog,Road,83.9,0,Antwerp Freight,Prague Depot,0
535.8,Clear,Rail,64.4,0,Frankfurt Central,Paris Nord,0
1135.0,Fog,Road,86.4,0,Munich Hub,Zurich Terminus,0
922.9,Clear,Road,85.5,0,Hamburg Port,Zurich Terminus,1
1990.9,Snow,Sea,78.0,0,Frankfurt Central,Vienna Logistics,1
2189.2,Clear,Sea,60.7,0,Rotterdam Gate,Berlin DC,0
1480.5,Clear,Sea,64.7,0,Munich Hub,Vienna Logistics,0
548.6,Snow,Road,63.9,0,Rotterdam Gate,Vienna Logistics,1
934.3,Clear,Rail,68.1,0,Hamburg Port,Prague Depot,0
182.0,Rain,Road,82.0,0,Rotterdam Gate,Paris Nord,0
2039.8,Clear,Air,84.9,0,Frankfurt Central,Paris Nord,0
306.8,Rain,Rail,82.8,0,Hamburg Port,Warsaw Crossdock,0
130.0,Clear,Road,41.7,0,Rotterdam Gate,Paris Nord,1
830.7,Storm,Road,90.0,0,Hamburg Port,Berlin DC,1
100.2,Fog,Road,58.7,1,Rotterdam Gate,Zurich Terminus,1
836.0,Clear,Road,46.4,0,Hamburg Port,Vienna Logistics,0
750.0,Rain,Road,70.9,0,Munich Hub,Paris Nord,1
301.1,Fog,Rail,81.1,0,Munich Hub,Zurich Terminus,0
559.2,Snow,Road,79.5,0,Milan Cargo,Vienna Logistics,1
1773.0,Clear,Rail,77.1,0,Frankfurt Central,Paris Nord,0
2342.4,Rain,Sea,49.1,0,Antwerp Freight,Paris Nord,1
1781.4,Clear,Rail,54.5,0,Antwerp Freight,Warsaw Crossdock,1
308.9,Clear,Road,48.3,0,Hamburg Port,Paris Nord,0
990.2,Storm,Road,69.6,0,Munich Hub,Prague Depot,1
555.9,Fog,Rail,91.0,1,Antwerp Freight,Vienna Logistics,1
694.7,Clear,Road,80.1,0,Frankfurt Central,Vienna Logistics,0
685.0,Clear,Rail,85.9,0,Frankfurt Central,Vienna Logistics,0
893.5,Clear,Rail,64.5,0,Rotterdam Gate,Paris Nord,1
481.1,Rain,Rail,79.6,0,Hamburg Port,Prague Depot,0
1360.6,Clear,Rail,41.1,0,Frankfurt Central,Berlin DC,1
2584.2,Clear,Air,78.7,0,Antwerp Freight,Prague Depot,0
144.6,Rain,Road,81.1,0,Antwerp Freight,Paris Nord,0
436.6,Clear,Rail,88.4,0,Antwerp Freight,Warsaw Crossdock,0
870.8,Storm,Road,92.3,0,Munich Hub,Warsaw Crossdock,1
1374.3,Fog,Rail,76.7,0,Milan Cargo,Warsaw Crossdock,0
630.7,Clear,Road,64.0,0,Antwerp Freight,Zurich Terminus,0
624.8,Clear,Road,71.0,0,Frankfurt Central,Zurich Terminus,0
1589.4,Rain,Rail,69.7,0,Rotterdam Gate,Paris Nord,0
148.4,Rain,Road,90.4,1,Rotterdam Gate,Paris Nord,0
738.5,Storm,Rail,83.6,0,Rotterdam Gate,Paris Nord,0
2193.2,Snow,Air,40.8,0,Milan Cargo,Berlin DC,1
1254.2,Clear,Rail,85.0,0,Antwerp Freight,Vienna Logistics,0
984.5,Clear,Road,64.8,0,Munich Hub,Warsaw Crossdock,0
2456.0,Fog,Sea,84.3,0,Rotterdam Gate,Warsaw Crossdock,0
1132.8,Clear,Air,79.2,0,Milan Cargo,Berlin DC,0
881.7,Clear,Road,36.7,0,Antwerp Freight,Warsaw Crossdock,1
678.7,Clear,Road,71.0,0,Rotterdam Gate,Warsaw Crossdock,0
1246.3,Storm,Rail,82.0,0,Rotterdam Gate,Warsaw Crossdock,1
501.1,Clear,Rail,67.7,0,Munich Hub,Berlin DC,0
2461.2,Storm,Air,57.7,1,Rotterdam Gate,Zurich Terminus,1
325.2,Fog,Road,84.6,0,Hamburg Port,Vienna Logistics,0
2378.3,Clear,Sea,73.4,0,Milan Cargo,Warsaw Crossdock,0
900.6,Fog,Road,94.7,0,Hamburg Port,Vienna Logistics,0
739.9,Snow,Rail,66.1,0,Antwerp Freight,Vienna Logistics,1
355.7,Storm,Rail,62.4,0,Antwerp Freight,Vienna Logistics,1
893.1,Storm,Road,56.9,1,Antwerp Freight,Vienna Logistics,0
741.6,Clear,Rail,61.7,1,Frankfurt Central,Berlin DC,0
2581.4,Storm,Air,78.6,0,Frankfurt Central,Warsaw Crossdock,1
216.7,Clear,Road,85.9,0,Rotterdam Gate,Zurich Terminus,0
2367.7,Clear,Sea,76.1,0,Milan Cargo,Vienna Logistics,0
1058.3,Clear,Rail,80.2,0,Rotterdam Gate,Warsaw Crossdock,0
487.9,Clear,Rail,88.8,0,Antwerp Freight,Berlin DC,0
1177.5,Fog,Road,72.1,0,Milan Cargo,Zurich Terminus,0
726.3,Rain,Road,76.5,1,Milan Cargo,Zurich Terminus,0
1012.5,Clear,Road,83.6,1,Frankfurt Central,Berlin DC,0
556.4,Clear,Road,92.7,0,Rotterdam Gate,Paris Nord,0
1512.8,Clear,Rail,88.1,0,Frankfurt Central,Warsaw Crossdock,1
305.5,Clear,Rail,82.3,0,Munich Hub,Prague Depot,0
1460.2,Clear,Sea,77.0,0,Munich Hub,Berlin DC,0
1171.9,Fog,Rail,65.9,0,Antwerp Freight,Prague Depot,1
221.5,Rain,Road,91.2,0,Munich Hub,Warsaw Crossdock,0
2635.7,Clear,Sea,76.5,0,Antwerp Freight,Paris Nord,0
1538.2,Fog,Sea,88.5,0,Hamburg Port,Warsaw Crossdock,0
1142.2,Fog,Road,89.6,0,Milan Cargo,Paris Nord,0
293.0,Clear,Road,78.0,0,Milan Cargo,Warsaw Crossdock,0
268.8,Clear,Road,88.3,0,Antwerp Freight,Prague Depot,0
1346.3,Clear,Sea,59.1,0,Rotterdam Gate,Paris Nord,1
3001.5,Clear,Sea,63.7,1,Antwerp Freight,Prague Depot,1
471.7,Clear,Road,97.5,0,Rotterdam Gate,Zurich Terminus,0
561.8,Clear,Rail,74.2,0,Rotterdam Gate,Berlin DC,1
476.2,Fog,Road,84.3,0,Rotterdam Gate,Warsaw Crossdock,1
732.6,Snow,Sea,65.4,0,Frankfurt Central,Paris Nord,0
1521.0,Storm,Rail,42.9,0,Rotterdam Gate,Prague Depot,1
652.6,Clear,Road,45.0,0,Munich Hub,Paris Nord,0
1972.4,Storm,Air,68.1,1,Frankfurt Central,Paris Nord,1
137.1,Rain,Road,65.8,0,Rotterdam Gate,Berlin DC,0
381.6,Rain,Road,71.8,1,Milan Cargo,Paris Nord,0
682.1,Rain,Sea,71.1,1,Frankfurt Central,Zurich Terminus,1
778.2,Clear,Rail,83.8,0,Milan Cargo,Vienna Logistics,0
1659.5,Clear,Rail,68.4,1,Antwerp Freight,Prague Depot,0
965.6,Storm,Sea,76.4,0,Hamburg Port,Zurich Terminus,0
589.6,Storm,Sea,71.7,0,Rotterdam Gate,Warsaw Crossdock,0
1471.0,Clear,Rail,81.2,0,Frankfurt Central,Zurich Terminus,0
384.1,Storm,Road,77.8,0,Rotterdam Gate,Prague Depot,0
685.5,Storm,Rail,64.0,1,Rotterdam Gate,Prague Depot,1
1849.1,Clear,Air,65.8,0,Hamburg Port,Vienna Logistics,0
1078.8,Clear,Rail,74.4,1,Hamburg Port,Zurich Terminus,1
816.2,Clear,Road,80.0,0,Hamburg Port,Vienna Logistics,0
1507.0,Rain,Rail,62.6,0,Hamburg Port,Warsaw Crossdock,0
283.3,Fog,Road,79.4,0,Hamburg Port,Vienna Logistics,0
521.5,Clear,Road,91.9,0,Munich Hub,Zurich Terminus,0
103.2,Rain,Road,76.2,0,Antwerp Freight,Berlin DC,1
519.7,Rain,Air,65.6,1,Frankfurt Central,Warsaw Crossdock,0
142.6,Clear,Road,90.3,1,Frankfurt Central,Zurich Terminus,0
467.2,Clear,Sea,65.2,0,Milan Cargo,Paris Nord,0
193.9,Clear,Road,47.9,0,Munich Hub,Paris Nord,0
1287.1,Rain,Rail,72.5,0,Frankfurt Central,Paris Nord,0
2309.6,Storm,Air,65.7,0,Hamburg Port,Warsaw Crossdock,1
431.5,Clear,Rail,55.7,0,Munich Hub,Prague Depot,0
2980.5,Clear,Sea,69.4,0,Antwerp Freight,Zurich Terminus,1
1442.5,Storm,Rail,93.1,0,Munich Hub,Prague Depot,1
1030.6,Clear,Road,87.9,0,Frankfurt Central,Berlin DC,0
916.6,Clear,Road,79.7,0,Rotterdam Gate,Vienna Logistics,1
453.1,Rain,Rail,43.7,0,Milan Cargo,Berlin DC,1
1716.5,Rain,Sea,91.2,0,Frankfurt Central,Warsaw Crossdock,1
1663.7,Rain,Air,81.2,0,Rotterdam Gate,Paris Nord,1
2480.8,Clear,Sea,75.7,0,Munich Hub,Prague Depot,0
506.1,Rain,Road,59.7,1,Rotterdam Gate,Zurich Terminus,1
199.2,Clear,Road,79.5,0,Hamburg Port,Berlin DC,1
425.6,Clear,Road,75.2,0,Rotterdam Gate,Berlin DC,0
815.4,Clear,Air,72.2,0,Antwerp Freight,Prague Depot,0
843.2,Clear,Road,61.8,0,Munich Hub,Warsaw Crossdock,1
512.0,Rain,Sea,86.5,0,Hamburg Port,Zurich Terminus,0
1649.0,Clear,Air,68.3,0,Munich Hub,Berlin DC,0
944.6,Clear,Road,78.1,0,Hamburg Port,Zurich Terminus,0
1039.8,Fog,Road,62.2,0,Munich Hub,Zurich Terminus,0
1385.7,Rain,Rail,95.8,0,Antwerp Freight,Berlin DC,1
604.7,Rain,Road,89.3,1,Rotterdam Gate,Paris Nord,0
435.4,Clear,Road,85.1,0,Rotterdam Gate,Paris Nord,0
985.6,Storm,Road,88.6,1,Munich Hub,Prague Depot,1
238.7,Clear,Road,71.5,0,Rotterdam Gate,Zurich Terminus,0
302.4,Snow,Road,57.5,0,Rotterdam Gate,Zurich Terminus,1
823.8,Rain,Road,66.4,1,Antwerp Freight,Warsaw Crossdock,1
620.5,Storm,Rail,73.5,0,Hamburg Port,Berlin DC,1
465.8,Clear,Rail,35.3,0,Antwerp Freight,Vienna Logistics,1
639.0,Fog,Road,73.3,0,Hamburg Port,Prague Depot,0
460.3,Clear,Rail,65.2,0,Rotterdam Gate,Paris Nord,0
807.6,Fog,Road,76.3,0,Munich Hub,Berlin DC,1
404.7,Rain,Road,73.7,0,Rotterdam Gate,Prague Depot,0
1455.4,Fog,Rail,56.8,0,Rotterdam Gate,Paris Nord,0
1098.1,Rain,Road,79.6,0,Hamburg Port,Paris Nord,0
1525.7,Clear,Rail,91.5,0,Milan Cargo,Paris Nord,0
875.2,Clear,Road,58.4,0,Hamburg Port,Prague Depot,1
92.9,Clear,Road,75.5,0,Hamburg Port,Vienna Logistics,0
2176.5,Storm,Sea,74.3,0,Munich Hub,Warsaw Crossdock,1
1127.2,Rain,Road,73.4,0,Rotterdam Gate,Zurich Terminus,0
694.8,Clear,Air,73.9,1,Munich Hub,Vienna Logistics,0
260.4,Rain,Road,61.4,0,Rotterdam Gate,Zurich Terminus,1
1074.4,Rain,Rail,63.2,0,Hamburg Port,Zurich Terminus,1
1149.3,Storm,Sea,78.9,0,Frankfurt Central,Berlin DC,0
296.2,Rain,Road,69.3,0,Rotterdam Gate,Paris Nord,0
916.7,Fog,Road,77.3,0,Rotterdam Gate,Paris Nord,1
2512.0,Clear,Air,62.7,0,Antwerp Freight,Berlin DC,1
161.4,Storm,Road,82.7,0,Hamburg Port,Paris Nord,0
1043.6,Clear,Rail,55.2,0,Milan Cargo,Berlin DC,1
135.6,Fog,Road,81.9,0,Rotterdam Gate,Zurich Terminus,0
100.0,Clear,Road,98.3,1,Milan Cargo,Paris Nord,0
606.3,Clear,Road,86.9,0,Milan Cargo,Berlin DC,1
860.0,Rain,Road,77.5,1,Hamburg Port,Paris Nord,1
178.6,Storm,Road,63.5,1,Hamburg Port,Warsaw Crossdock,1
133.8,Fog,Road,60.0,0,Munich Hub,Zurich Terminus,0
734.2,Clear,Road,77.4,0,Munich Hub,Vienna Logistics,0
945.4,Rain,Road,60.3,0,Rotterdam Gate,Warsaw Crossdock,0
568.7,Clear,Sea,92.6,0,Frankfurt Central,Warsaw Crossdock,0
1556.5,Storm,Rail,63.0,0,Hamburg Port,Zurich Terminus,1
363.3,Snow,Rail,74.4,0,Antwerp Freight,Zurich Terminus,0
767.1,Clear,Rail,69.1,0,Hamburg Port,Zurich Terminus,0
745.3,Clear,Road,76.8,0,Rotterdam Gate,Vienna Logistics,0
378.1,Clear,Road,71.3,0,Frankfurt Central,Berlin DC,0
308.0,Rain,Road,87.3,0,Antwerp Freight,Zurich Terminus,0
466.6,Clear,Rail,72.7,0,Antwerp Freight,Vienna Logistics,0
81.1,Clear,Road,76.6,0,Munich Hub,Prague Depot,0
1204.9,Clear,Air,71.7,0,Frankfurt Central,Berlin DC,0
2394.6,Storm,Air,67.9,1,Hamburg Port,Prague Depot,0
114.6,Snow,Road,77.8,1,Frankfurt Central,Warsaw Crossdock,1
1443.5,Rain,Air,71.4,0,Hamburg Port,Warsaw Crossdock,1
893.5,Clear,Rail,57.7,0,Milan Cargo,Warsaw Crossdock,0
1262.9,Snow,Rail,91.5,0,Frankfurt Central,Prague Depot,1
201.0,Clear,Rail,76.7,0,Hamburg Port,Berlin DC,1
735.5,Snow,Road,60.1,0,Hamburg Port,Vienna Logistics,1
372.6,Snow,Road,66.1,0,Rotterdam Gate,Paris Nord,1
175.9,Rain,Road,73.3,0,Frankfurt Central,Paris Nord,0
1127.1,Clear,Road,80.6,0,Frankfurt Central,Prague Depot,0
683.8,Storm,Rail,84.2,0,Rotterdam Gate,Berlin DC,1
984.4,Clear,Road,68.5,0,Rotterdam Gate,Vienna Logistics,0
1017.3,Clear,Rail,77.8,0,Hamburg Port,Berlin DC,1
428.2,Fog,Road,69.0,1,Antwerp Freight,Warsaw Crossdock,0
533.1,Clear,Road,67.5,0,Rotterdam Gate,Paris Nord,0
996.8,Rain,Road,66.4,0,Rotterdam Gate,Vienna Logistics,0
861.4,Rain,Road,64.4,0,Rotterdam Gate,Zurich Terminus,0
1629.2,Clear,Rail,50.7,0,Munich Hub,Prague Depot,0
758.1,Fog,Rail,93.2,0,Hamburg Port,Prague Depot,0
1084.5,Storm,Air,82.8,0,Hamburg Port,Paris Nord,1
1603.4,Snow,Air,56.5,1,Milan Cargo,Warsaw Crossdock,1
1126.3,Clear,Road,62.2,0,Frankfurt Central,Vienna Logistics,0
121.9,Clear,Road,83.1,1,Rotterdam Gate,Berlin DC,1
793.9,Clear,Road,75.2,0,Munich Hub,Warsaw Crossdock,0
1269.9,Rain,Rail,69.8,1,Frankfurt Central,Berlin DC,1
1012.3,Rain,Road,80.4,0,Antwerp Freight,Warsaw Crossdock,0
659.3,Rain,Road,86.8,1,Rotterdam Gate,Berlin DC,0
1057.1,Clear,Road,62.2,0,Hamburg Port,Zurich Terminus,0
1699.1,Fog,Rail,68.5,1,Milan Cargo,Warsaw Crossdock,1
1605.2,Snow,Rail,56.8,1,Antwerp Freight,Zurich Terminus,1
225.0,Fog,Road,78.6,0,Milan Cargo,Berlin DC,0
955.6,Snow,Road,70.8,1,Frankfurt Central,Berlin DC,1
384.9,Storm,Rail,68.9,0,Frankfurt Central,Paris Nord,1
2196.2,Clear,Air,59.2,0,Munich Hub,Vienna Logistics,0
1624.7,Clear,Rail,64.3,0,Hamburg Port,Berlin DC,1
2303.4,Fog,Air,77.5,0,Antwerp Freight,Warsaw Crossdock,1
540.1,Clear,Road,38.0,0,Milan Cargo,Prague Depot,1
575.3,Storm,Air,52.9,1,Munich Hub,Zurich Terminus,1
1306.3,Clear,Air,51.1,0,Hamburg Port,Berlin DC,0
934.6,Rain,Road,77.2,0,Milan Cargo,Berlin DC,1
1585.2,Storm,Rail,69.6,0,Munich Hub,Zurich Terminus,0
1697.8,Fog,Sea,74.5,0,Antwerp Freight,Zurich Terminus,1
639.5,Storm,Sea,74.3,0,Munich Hub,Zurich Terminus,1
1776.8,Storm,Air,70.3,0,Antwerp Freight,Zurich Terminus,1
853.8,Rain,Rail,83.8,0,Hamburg Port,Paris Nord,0
1877.6,Clear,Air,80.9,0,Frankfurt Central,Warsaw Crossdock,0
1026.3,Snow,Road,95.4,1,Antwerp Freight,Zurich Terminus,1
718.8,Clear,Road,94.0,0,Munich Hub,Prague Depot,0
1223.4,Clear,Sea,62.8,0,Rotterdam Gate,Warsaw Crossdock,1
1567.2,Rain,Air,85.4,1,Frankfurt Central,Zurich Terminus,0
1983.1,Snow,Sea,90.9,0,Munich Hub,Berlin DC,0
298.4,Rain,Road,81.3,0,Antwerp Freight,Prague Depot,0
1547.8,Clear,Sea,83.2,0,Antwerp Freight,Vienna Logistics,1
763.1,Rain,Air,77.9,1,Rotterdam Gate,Vienna Logistics,1
2012.8,Clear,Sea,52.1,1,Munich Hub,Paris Nord,1
193.1,Storm,Road,96.8,1,Hamburg Port,Prague Depot,1
586.3,Clear,Rail,63.8,0,Rotterdam Gate,Zurich Terminus,1
1385.1,Fog,Rail,63.0,0,Hamburg Port,Paris Nord,0
807.3,Rain,Road,70.6,0,Frankfurt Central,Berlin DC,1
1635.7,Clear,Rail,78.0,0,Hamburg Port,Paris Nord,0
1120.2,Clear,Rail,83.5,0,Antwerp Freight,Warsaw Crossdock,0
758.9,Snow,Road,71.4,0,Frankfurt Central,Zurich Terminus,1
627.0,Rain,Road,87.2,0,Munich Hub,Prague Depot,0
871.1,Clear,Road,83.7,0,Frankfurt Central,Paris Nord,1
163.3,Storm,Road,65.8,0,Hamburg Port,Berlin DC,1
192.5,Fog,Road,88.0,0,Antwerp Freight,Zurich Terminus,0
962.4,Rain,Air,66.1,0,Frankfurt Central,Vienna Logistics,1
2073.8,Snow,Air,86.5,0,Antwerp Freight,Berlin DC,0
416.1,Rain,Road,67.4,0,Rotterdam Gate,Prague Depot,1
1066.6,Clear,Road,73.2,0,Rotterdam Gate,Zurich Terminus,0
981.3,Storm,Road,83.3,0,Antwerp Freight,Vienna Logistics,0
836.0,Rain,Road,74.7,1,Rotterdam Gate,Berlin DC,0
1060.7,Clear,Road,89.2,0,Munich Hub,Zurich Terminus,0
504.7,Snow,Road,84.4,1,Milan Cargo,Berlin DC,1
664.3,Clear,Rail,67.9,0,Frankfurt Central,Prague Depot,1
623.1,Clear,Road,76.3,0,Munich Hub,Prague Depot,0
632.0,Clear,Rail,47.3,0,Antwerp Freight,Paris Nord,1
738.8,Fog,Road,50.1,0,Milan Cargo,Prague Depot,1
802.5,Snow,Rail,75.8,0,Munich Hub,Zurich Terminus,0
2437.2,Clear,Sea,75.5,0,Milan Cargo,Vienna Logistics,1
333.8,Clear,Rail,90.8,0,Hamburg Port,Zurich Terminus,0
541.3,Clear,Road,95.1,0,Milan Cargo,Vienna Logistics,0
810.2,Rain,Road,68.9,0,Milan Cargo,Paris Nord,1
927.7,Rain,Road,79.9,0,Munich Hub,Paris Nord,1
1378.1,Clear,Air,66.7,0,Milan Cargo,Paris Nord,0
955.4,Clear,Rail,53.1,0,Milan Cargo,Warsaw Crossdock,0
1192.5,Clear,Road,57.2,0,Hamburg Port,Paris Nord,1
792.7,Rain,Road,71.5,0,Milan Cargo,Paris Nord,0
364.8,Clear,Rail,63.3,0,Antwerp Freight,Warsaw Crossdock,0
1770.0,Rain,Air,85.3,0,Rotterdam Gate,Zurich Terminus,0
783.5,Clear,Sea,81.5,0,Munich Hub,Zurich Terminus,0
768.0,Storm,Rail,93.8,0,Rotterdam Gate,Paris Nord,1
963.6,Rain,Road,79.8,1,Frankfurt Central,Paris Nord,1
771.0,Clear,Road,90.8,0,Rotterdam Gate,Warsaw Crossdock,0
1100.4,Rain,Road,80.3,0,Frankfurt Central,Berlin DC,1
2447.9,Fog,Air,51.2,0,Munich Hub,Prague Depot,1
776.5,Storm,Air,91.3,1,Frankfurt Central,Warsaw Crossdock,1
767.7,Snow,Road,36.7,0,Milan Cargo,Zurich Terminus,0
303.9,Fog,Rail,82.8,0,Rotterdam Gate,Paris Nord,0
506.8,Storm,Air,74.8,0,Frankfurt Central,Warsaw Crossdock,1
742.1,Storm,Road,83.9,0,Munich Hub,Vienna Logistics,1
2069.6,Snow,Air,82.7,0,Antwerp Freight,Warsaw Crossdock,0
861.3,Clear,Road,64.3,0,Hamburg Port,Vienna Logistics,0
1014.9,Fog,Road,82.6,0,Antwerp Freight,Warsaw Crossdock,1
630.3,Rain,Rail,84.3,0,Antwerp Freight,Prague Depot,0
441.7,Rain,Road,89.8,0,Antwerp Freight,Vienna Logistics,0
602.9,Fog,Road,47.5,0,Munich Hub,Vienna Logistics,1
498.0,Fog,Road,78.0,0,Rotterdam Gate,Paris Nord,0
1522.1,Storm,Sea,23.4,0,Rotterdam Gate,Paris Nord,0
453.1,Storm,Road,91.0,0,Frankfurt Central,Prague Depot,1
170.0,Fog,Road,86.5,0,Frankfurt Central,Vienna Logistics,0
607.3,Rain,Road,61.1,0,Hamburg Port,Berlin DC,0
2221.6,Storm,Air,82.1,0,Frankfurt Central,Paris Nord,1
1428.6,Clear,Rail,52.8,0,Milan Cargo,Berlin DC,1
460.3,Clear,Road,84.1,0,Frankfurt Central,Berlin DC,1
1534.8,Clear,Rail,64.6,0,Rotterdam Gate,Vienna Logistics,0
624.5,Clear,Road,86.9,0,Milan Cargo,Prague Depot,0
455.3,Clear,Road,60.3,0,Rotterdam Gate,Prague Depot,0
990.4,Rain,Road,94.2,1,Hamburg Port,Warsaw Crossdock,0
603.7,Fog,Rail,52.2,0,Hamburg Port,Berlin DC,1
121.0,Rain,Road,92.5,0,Antwerp Freight,Berlin DC,0
771.3,Clear,Road,82.7,0,Rotterdam Gate,Zurich Terminus,0
740.4,Rain,Rail,80.0,0,Munich Hub,Paris Nord,0
210.4,Fog,Road,74.0,0,Antwerp Freight,Berlin DC,0
916.5,Storm,Road,73.5,0,Rotterdam Gate,Vienna Logistics,1
544.0,Clear,Road,57.5,0,Hamburg Port,Berlin DC,0
1523.2,Clear,Rail,81.5,0,Munich Hub,Prague Depot,1
597.4,Clear,Road,71.2,0,Hamburg Port,Zurich Terminus,0
312.5,Rain,Road,62.9,0,Antwerp Freight,Paris Nord,0
342.9,Rain,Road,90.6,0,Munich Hub,Zurich Terminus,0
323.9,Rain,Road,73.6,0,Antwerp Freight,Paris Nord,0
532.4,Rain,Road,98.5,0,Milan Cargo,Prague Depot,1
291.5,Clear,Road,91.5,0,Milan Cargo,Warsaw Crossdock,1
1295.0,Clear,Rail,79.7,0,Milan Cargo,Vienna Logistics,0
519.7,Rain,Rail,90.3,0,Frankfurt Central,Vienna Logistics,0
1800.6,Storm,Sea,69.1,0,Rotterdam Gate,Vienna Logistics,1
2590.6,Rain,Air,61.6,0,Munich Hub,Warsaw Crossdock,0
893.2,Clear,Road,50.5,0,Milan Cargo,Warsaw Crossdock,0
2091.7,Clear,Air,65.5,0,Rotterdam Gate,Berlin DC,1
799.1,Clear,Road,58.6,0,Frankfurt Central,Paris Nord,0
1418.1,Rain,Rail,76.4,0,Antwerp Freight,Zurich Terminus,1
878.6,Rain,Road,73.3,0,Antwerp Freight,Vienna Logistics,0
649.6,Clear,Road,83.3,0,Frankfurt Central,Prague Depot,0
1049.3,Clear,Road,72.4,0,Milan Cargo,Prague Depot,1
951.4,Clear,Road,84.4,0,Hamburg Port,Vienna Logistics,0
781.7,Fog,Rail,64.2,0,Antwerp Freight,Prague Depot,0
972.9,Rain,Road,53.7,0,Rotterdam Gate,Prague Depot,1
1667.9,Storm,Rail,79.6,0,Hamburg Port,Berlin DC,1
173.4,Clear,Road,78.4,0,Antwerp Freight,Berlin DC,0
909.1,Fog,Air,70.3,0,Munich Hub,Warsaw Crossdock,1
745.8,Clear,Rail,72.7,0,Antwerp Freight,Zurich Terminus,1
993.3,Fog,Rail,56.1,0,Munich Hub,Zurich Terminus,0
642.0,Storm,Road,87.0,0,Frankfurt Central,Berlin DC,1
2150.2,Clear,Air,91.3,0,Frankfurt Central,Zurich Terminus,0
1039.0,Snow,Road,75.9,0,Hamburg Port,Vienna Logistics,1
933.7,Clear,Road,77.3,0,Rotterdam Gate,Prague Depot,0
498.3,Storm,Road,76.6,0,Frankfurt Central,Warsaw Crossdock,1
352.3,Fog,Road,58.7,0,Milan Cargo,Paris Nord,0
2041.1,Clear,Sea,72.6,0,Antwerp Freight,Paris Nord,0
1518.9,Snow,Rail,80.5,0,Munich Hub,Zurich Terminus,0
424.7,Fog,Rail,72.0,0,Milan Cargo,Prague Depot,1
604.5,Fog,Road,64.9,0,Rotterdam Gate,Warsaw Crossdock,1
133.8,Clear,Road,73.8,0,Rotterdam Gate,Paris Nord,1
723.8,Storm,Road,74.1,0,Milan Cargo,Zurich Terminus,0
1788.7,Snow,Rail,81.4,0,Munich Hub,Prague Depot,0
805.6,Rain,Road,60.8,0,Antwerp Freight,Vienna Logistics,1
248.6,Clear,Road,71.6,0,Rotterdam Gate,Berlin DC,0
1123.0,Fog,Rail,73.7,0,Milan Cargo,Zurich Terminus,1
337.7,Clear,Road,69.3,0,Hamburg Port,Berlin DC,0
1423.2,Clear,Air,83.1,0,Hamburg Port,Berlin DC,0
1165.6,Rain,Road,73.2,0,Frankfurt Central,Paris Nord,0
1562.4,Clear,Sea,65.7,0,Antwerp Freight,Prague Depot,0
483.6,Snow,Road,80.4,0,Rotterdam Gate,Paris Nord,0
805.0,Snow,Road,79.8,1,Rotterdam Gate,Berlin DC,1
1888.0,Fog,Air,84.8,0,Munich Hub,Prague Depot,0
729.7,Clear,Air,72.8,0,Antwerp Freight,Warsaw Crossdock,0
1056.7,Fog,Road,69.8,1,Hamburg Port,Berlin DC,0
612.8,Snow,Road,70.3,0,Munich Hub,Paris Nord,1
1346.1,Clear,Rail,83.8,0,Antwerp Freight,Prague Depot,0
1073.3,Clear,Road,76.5,0,Munich Hub,Warsaw Crossdock,0
552.7,Storm,Road,93.8,0,Milan Cargo,Zurich Terminus,1
720.7,Clear,Road,67.9,0,Munich Hub,Vienna Logistics,0
940.7,Clear,Road,79.1,0,Milan Cargo,Paris Nord,0
799.4,Clear,Road,84.9,0,Milan Cargo,Zurich Terminus,0
2359.8,Clear,Air,66.0,0,Munich Hub,Prague Depot,0
1048.9,Storm,Rail,52.9,0,Milan Cargo,Prague Depot,1
1122.3,Fog,Road,87.8,0,Antwerp Freight,Warsaw Crossdock,0
1482.8,Snow,Air,60.0,0,Rotterdam Gate,Prague Depot,1
2105.6,Clear,Air,88.0,0,Rotterdam Gate,Vienna Logistics,0
1159.0,Fog,Road,85.1,0,Frankfurt Central,Vienna Logistics,0
1038.8,Rain,Rail,87.7,0,Hamburg Port,Berlin DC,0
2083.9,Clear,Air,73.7,0,Milan Cargo,Paris Nord,0
899.6,Rain,Road,92.3,0,Hamburg Port,Vienna Logistics,0
942.3,Clear,Road,86.4,0,Rotterdam Gate,Paris Nord,0
565.8,Rain,Road,49.2,0,Rotterdam Gate,Vienna Logistics,0
267.4,Fog,Rail,53.7,1,Milan Cargo,Prague Depot,1
913.6,Clear,Road,49.5,0,Antwerp Freight,Prague Depot,0
241.0,Storm,Rail,64.8,0,Antwerp Freight,Warsaw Crossdock,0
593.2,Clear,Road,68.9,0,Frankfurt Central,Zurich Terminus,0
1200.9,Fog,Air,66.5,0,Hamburg Port,Vienna Logistics,1
570.3,Rain,Road,83.2,0,Hamburg Port,Warsaw Crossdock,0
859.1,Rain,Road,60.9,0,Hamburg Port,Prague Depot,0
1150.8,Snow,Road,86.7,1,Rotterdam Gate,Vienna Logistics,0
1191.8,Clear,Road,84.4,0,Rotterdam Gate,Berlin DC,0
1719.9,Clear,Air,67.6,0,Milan Cargo,Vienna Logistics,0
1296.4,Fog,Sea,85.8,0,Hamburg Port,Zurich Terminus,1
984.1,Rain,Road,66.4,0,Milan Cargo,Warsaw Crossdock,0
773.1,Rain,Road,71.2,1,Rotterdam Gate,Zurich Terminus,1
1111.6,Clear,Rail,70.0,0,Antwerp Freight,Zurich Terminus,1
728.9,Rain,Rail,73.7,0,Rotterdam Gate,Zurich Terminus,0
2118.8,Clear,Sea,63.6,0,Hamburg Port,Prague Depot,0
2440.3,Clear,Sea,73.7,0,Frankfurt Central,Vienna Logistics,0
872.1,Clear,Road,91.1,0,Hamburg Port,Vienna Logistics,0
1600.1,Clear,Air,55.4,0,Antwerp Freight,Berlin DC,0
2507.0,Rain,Air,79.8,0,Munich Hub,Prague Depot,0
573.6,Clear,Road,81.6,0,Frankfurt Central,Prague Depot,0
845.0,Snow,Road,90.3,0,Munich Hub,Zurich Terminus,0
822.2,Snow,Rail,70.3,0,Hamburg Port,Paris Nord,1
2979.1,Clear,Sea,72.9,1,Rotterdam Gate,Berlin DC,1
1120.1,Clear,Rail,72.6,0,Antwerp Freight,Warsaw Crossdock,0
106.7,Clear,Road,55.2,0,Rotterdam Gate,Paris Nord,0
895.0,Clear,Air,46.0,0,Antwerp Freight,Warsaw Crossdock,1
546.8,Clear,Sea,71.9,0,Hamburg Port,Paris Nord,0
1144.0,Fog,Road,94.7,0,Antwerp Freight,Berlin DC,0
1092.9,Clear,Road,82.7,0,Frankfurt Central,Warsaw Crossdock,0
1194.8,Clear,Rail,58.9,0,Rotterdam Gate,Berlin DC,0
543.3,Rain,Road,50.4,0,Hamburg Port,Paris Nord,1
822.5,Rain,Road,84.6,0,Rotterdam Gate,Berlin DC,0
655.7,Storm,Rail,78.5,0,Hamburg Port,Warsaw Crossdock,0
222.4,Rain,Road,46.6,0,Frankfurt Central,Berlin DC,1
1759.2,Rain,Rail,90.2,0,Milan Cargo,Berlin DC,1
505.6,Fog,Road,73.6,1,Rotterdam Gate,Vienna Logistics,0
708.1,Clear,Rail,60.3,0,Hamburg Port,Prague Depot,0
2316.1,Clear,Sea,53.1,0,Hamburg Port,Zurich Terminus,1
770.0,Rain,Road,64.3,0,Rotterdam Gate,Prague Depot,0
680.8,Fog,Road,64.3,0,Rotterdam Gate,Paris Nord,1
595.1,Fog,Road,86.9,0,Munich Hub,Paris Nord,0
586.6,Fog,Road,85.6,0,Rotterdam Gate,Paris Nord,0
599.0,Storm,Road,85.7,0,Antwerp Freight,Warsaw Crossdock,1
3076.1,Rain,Sea,90.5,0,Milan Cargo,Warsaw Crossdock,0
827.0,Rain,Road,65.3,0,Rotterdam Gate,Berlin DC,0
1052.2,Clear,Road,70.9,0,Frankfurt Central,Vienna Logistics,0
2834.5,Clear,Sea,57.5,0,Munich Hub,Berlin DC,1
1497.7,Rain,Air,91.4,0,Milan Cargo,Zurich Terminus,0
951.3,Clear,Rail,78.8,0,Milan Cargo,Paris Nord,0
939.2,Rain,Road,80.4,0,Frankfurt Central,Paris Nord,0
175.2,Clear,Road,65.2,0,Antwerp Freight,Prague Depot,1
876.8,Snow,Road,96.1,0,Antwerp Freight,Vienna Logistics,1
436.8,Fog,Road,54.0,0,Hamburg Port,Prague Depot,1
1255.1,Snow,Rail,46.9,1,Hamburg Port,Warsaw Crossdock,1
632.5,Clear,Rail,70.3,0,Rotterdam Gate,Paris Nord,0
982.1,Storm,Rail,60.0,0,Frankfurt Central,Zurich Terminus,1
252.5,Clear,Road,97.2,0,Munich Hub,Vienna Logistics,0
1467.6,Rain,Air,93.3,0,Frankfurt Central,Prague Depot,1
966.6,Snow,Road,87.3,0,Munich Hub,Warsaw Crossdock,1
497.7,Snow,Rail,82.5,1,Frankfurt Central,Warsaw Crossdock,0
2088.2,Clear,Air,70.4,0,Antwerp Freight,Berlin DC,0
1077.4,Clear,Road,88.8,0,Hamburg Port,Warsaw Crossdock,0
1436.5,Rain,Air,64.7,0,Rotterdam Gate,Berlin DC,0
1277.9,Clear,Air,66.9,0,Hamburg Port,Paris Nord,0
2541.8,Snow,Air,74.7,0,Rotterdam Gate,Zurich Terminus,1
1054.7,Storm,Road,66.4,0,Munich Hub,Vienna Logistics,1
301.5,Rain,Road,55.8,0,Munich Hub,Paris Nord,1
1033.8,Rain,Road,78.9,0,Milan Cargo,Warsaw Crossdock,1
94.5,Fog,Road,63.1,0,Milan Cargo,Paris Nord,1
1491.4,Clear,Rail,83.9,0,Frankfurt Central,Prague Depot,0
2603.1,Fog,Sea,80.9,1,Hamburg Port,Warsaw Crossdock,1
744.0,Snow,Road,67.4,1,Antwerp Freight,Prague Depot,1
754.9,Clear,Road,89.3,0,Milan Cargo,Zurich Terminus,0
623.9,Clear,Air,74.7,0,Hamburg Port,Warsaw Crossdock,0
988.0,Fog,Road,60.1,1,Hamburg Port,Prague Depot,0
1388.3,Clear,Air,92.9,0,Milan Cargo,Prague Depot,0
1150.2,Rain,Rail,86.2,0,Frankfurt Central,Paris Nord,0
747.0,Clear,Sea,86.1,0,Frankfurt Central,Prague Depot,0
572.5,Clear,Air,65.3,1,Rotterdam Gate,Vienna Logistics,0
249.8,Clear,Road,83.8,0,Frankfurt Central,Paris Nord,0
1226.9,Rain,Rail,53.6,0,Rotterdam Gate,Paris Nord,1
1092.3,Clear,Rail,69.9,0,Hamburg Port,Vienna Logistics,0
1907.6,Clear,Air,48.9,0,Milan Cargo,Zurich Terminus,0
732.7,Rain,Road,37.7,0,Munich Hub,Vienna Logistics,1
499.2,Rain,Road,58.5,0,Antwerp Freight,Warsaw Crossdock,0
579.0,Rain,Road,91.7,1,Rotterdam Gate,Berlin DC,0
542.9,Clear,Rail,77.0,0,Antwerp Freight,Warsaw Crossdock,0
322.4,Rain,Road,64.8,0,Hamburg Port,Vienna Logistics,0
1185.2,Rain,Road,57.0,0,Rotterdam Gate,Paris Nord,0
1737.9,Clear,Rail,52.8,0,Munich Hub,Zurich Terminus,0
374.3,Fog,Road,91.2,0,Hamburg Port,Berlin DC,0
899.2,Storm,Road,63.7,0,Hamburg Port,Berlin DC,1
524.3,Storm,Rail,58.7,0,Munich Hub,Zurich Terminus,1
1467.1,Rain,Rail,85.1,0,Milan Cargo,Paris Nord,0
903.4,Rain,Road,74.1,0,Hamburg Port,Warsaw Crossdock,0
1156.8,Rain,Road,78.5,0,Antwerp Freight,Paris Nord,0
1812.6,Rain,Air,67.5,0,Munich Hub,Zurich Terminus,1
84.5,Clear,Road,92.9,0,Milan Cargo,Prague Depot,0
1511.0,Snow,Rail,70.3,1,Hamburg Port,Prague Depot,1
895.5,Fog,Air,87.3,0,Rotterdam Gate,Vienna Logistics,0
549.4,Clear,Air,87.0,0,Milan Cargo,Warsaw Crossdock,0
680.3,Clear,Rail,74.0,0,Hamburg Port,Warsaw Crossdock,0
864.7,Clear,Road,81.1,0,Munich Hub,Paris Nord,0
123.3,Rain,Road,74.4,1,Hamburg Port,Warsaw Crossdock,0
1182.1,Storm,Road,37.3,0,Rotterdam Gate,Paris Nord,1
2139.8,Clear,Air,64.9,0,Munich Hub,Warsaw Crossdock,0
1221.5,Rain,Sea,71.6,0,Antwerp Freight,Prague Depot,0
948.8,Rain,Road,89.8,0,Frankfurt Central,Paris Nord,0
909.2,Clear,Road,71.3,0,Antwerp Freight,Berlin DC,1
875.6,Clear,Rail,62.0,0,Rotterdam Gate,Berlin DC,1
1196.1,Rain,Road,90.1,0,Milan Cargo,Vienna Logistics,0
229.2,Clear,Road,78.5,0,Milan Cargo,Berlin DC,1
611.7,Fog,Road,77.5,0,Frankfurt Central,Paris Nord,0
1577.9,Clear,Rail,70.3,0,Frankfurt Central,Warsaw Crossdock,0
522.0,Clear,Road,70.9,0,Munich Hub,Paris Nord,0
2366.4,Rain,Air,88.5,0,Frankfurt Central,Paris Nord,1
805.7,Clear,Air,80.3,0,Munich Hub,Prague Depot,0
2795.1,Rain,Sea,60.5,0,Hamburg Port,Prague Depot,0
628.4,Rain,Road,64.1,0,Milan Cargo,Vienna Logistics,1
1094.5,Rain,Road,87.8,0,Hamburg Port,Prague Depot,0
2370.2,Rain,Air,72.3,0,Rotterdam Gate,Warsaw Crossdock,0
477.5,Storm,Rail,73.4,0,Hamburg Port,Vienna Logistics,0
383.2,Clear,Road,87.9,0,Rotterdam Gate,Zurich Terminus,0
1126.2,Clear,Road,81.1,0,Milan Cargo,Paris Nord,0
484.7,Clear,Road,80.3,0,Rotterdam Gate,Zurich Terminus,0
1689.8,Clear,Air,78.8,0,Antwerp Freight,Paris Nord,0
1419.8,Clear,Rail,69.7,1,Frankfurt Central,Vienna Logistics,1
2666.7,Rain,Sea,66.3,0,Milan Cargo,Warsaw Crossdock,1
1044.2,Rain,Road,89.2,0,Munich Hub,Vienna Logistics,0
2076.5,Fog,Air,66.1,0,Frankfurt Central,Warsaw Crossdock,1
310.1,Clear,Road,43.0,0,Milan Cargo,Prague Depot,0
880.7,Clear,Road,76.6,0,Frankfurt Central,Zurich Terminus,1
568.6,Clear,Road,74.9,0,Milan Cargo,Zurich Terminus,0
735.8,Clear,Road,78.4,0,Hamburg Port,Paris Nord,0
608.2,Clear,Rail,66.3,0,Milan Cargo,Berlin DC,0
1804.0,Clear,Air,53.8,0,Frankfurt Central,Prague Depot,0
2087.4,Clear,Sea,69.9,0,Frankfurt Central,Vienna Logistics,0
1124.0,Storm,Road,45.8,0,Milan Cargo,Zurich Terminus,1
228.2,Clear,Road,80.0,0,Frankfurt Central,Vienna Logistics,0
1407.2,Clear,Rail,40.4,0,Munich Hub,Warsaw Crossdock,0
1349.4,Clear,Rail,78.4,0,Antwerp Freight,Prague Depot,0
2757.4,Clear,Sea,66.9,1,Munich Hub,Vienna Logistics,1
1414.0,Clear,Rail,67.6,0,Antwerp Freight,Vienna Logistics,0
794.5,Clear,Rail,82.3,1,Hamburg Port,Paris Nord,0
999.6,Clear,Road,91.7,0,Antwerp Freight,Paris Nord,0
631.4,Clear,Rail,77.7,0,Munich Hub,Berlin DC,1
626.0,Clear,Road,77.7,0,Milan Cargo,Prague Depot,0
889.2,Rain,Road,72.8,1,Rotterdam Gate,Zurich Terminus,1
818.5,Clear,Air,91.7,0,Milan Cargo,Vienna Logistics,0
2989.5,Rain,Sea,75.1,0,Munich Hub,Vienna Logistics,0
2210.2,Rain,Air,68.6,0,Hamburg Port,Prague Depot,0
1015.1,Fog,Air,87.4,0,Antwerp Freight,Zurich Terminus,1
1003.0,Fog,Road,84.9,0,Milan Cargo,Zurich Terminus,1
911.6,Rain,Road,89.6,0,Munich Hub,Warsaw Crossdock,0
543.9,Clear,Road,71.3,0,Munich Hub,Paris Nord,0
352.4,Clear,Road,77.3,0,Frankfurt Central,Paris Nord,0
2462.2,Clear,Air,90.6,0,Frankfurt Central,Prague Depot,1
2360.0,Rain,Sea,88.4,1,Hamburg Port,Zurich Terminus,1
2230.8,Storm,Air,81.2,1,Munich Hub,Vienna Logistics,1
830.5,Rain,Air,79.9,0,Frankfurt Central,Berlin DC,1
669.8,Clear,Rail,83.7,1,Rotterdam Gate,Paris Nord,1
200.6,Rain,Road,90.4,0,Munich Hub,Berlin DC,0
1367.0,Rain,Rail,74.6,0,Munich Hub,Warsaw Crossdock,1
817.3,Clear,Road,78.3,0,Hamburg Port,Paris Nord,0
844.8,Clear,Air,90.8,0,Milan Cargo,Warsaw Crossdock,0
943.4,Storm,Road,61.9,1,Hamburg Port,Vienna Logistics,1
1378.5,Clear,Rail,49.8,0,Frankfurt Central,Vienna Logistics,0
885.4,Fog,Road,80.7,0,Rotterdam Gate,Warsaw Crossdock,0
2737.4,Rain,Sea,40.9,0,Rotterdam Gate,Prague Depot,1
336.7,Clear,Road,49.5,0,Milan Cargo,Zurich Terminus,0
1893.0,Storm,Air,72.3,0,Antwerp Freight,Warsaw Crossdock,1
814.8,Storm,Road,55.2,0,Rotterdam Gate,Prague Depot,1
261.3,Clear,Road,77.4,0,Frankfurt Central,Warsaw Crossdock,0
254.2,Rain,Road,46.9,0,Antwerp Freight,Prague Depot,1
828.2,Rain,Road,52.6,0,Milan Cargo,Prague Depot,1
2652.3,Clear,Sea,75.2,0,Hamburg Port,Warsaw Crossdock,0
1408.0,Fog,Air,83.5,0,Munich Hub,Zurich Terminus,1
2485.0,Rain,Sea,69.9,0,Milan Cargo,Warsaw Crossdock,0
227.4,Clear,Rail,82.5,1,Munich Hub,Paris Nord,0
663.0,Clear,Road,80.4,0,Rotterdam Gate,Berlin DC,0
881.0,Clear,Rail,87.1,0,Antwerp Freight,Zurich Terminus,0
851.0,Rain,Rail,68.3,1,Hamburg Port,Berlin DC,1
1168.5,Snow,Air,57.9,1,Munich Hub,Berlin DC,1
878.4,Fog,Road,84.3,0,Milan Cargo,Prague Depot,0
910.0,Clear,Road,44.9,1,Hamburg Port,Paris Nord,1
806.3,Clear,Road,85.1,0,Milan Cargo,Vienna Logistics,0
1711.1,Rain,Air,78.9,0,Rotterdam Gate,Berlin DC,0
232.6,Fog,Road,70.7,0,Rotterdam Gate,Vienna Logistics,1
1306.1,Rain,Rail,72.2,0,Munich Hub,Paris Nord,0
1294.5,Storm,Rail,54.9,0,Frankfurt Central,Vienna Logistics,1
2324.5,Storm,Air,62.2,0,Frankfurt Central,Vienna Logistics,1
1054.3,Clear,Road,82.5,0,Antwerp Freight,Vienna Logistics,0
543.0,Rain,Road,94.8,0,Munich Hub,Warsaw Crossdock,0
851.0,Rain,Road,72.8,0,Hamburg Port,Zurich Terminus,1
1827.2,Clear,Sea,71.0,0,Rotterdam Gate,Paris Nord,0
1615.7,Clear,Rail,49.7,0,Antwerp Freight,Paris Nord,0
409.4,Rain,Sea,87.7,0,Milan Cargo,Vienna Logistics,0
1206.2,Fog,Rail,74.9,0,Hamburg Port,Warsaw Crossdock,0
453.4,Rain,Road,63.6,0,Hamburg Port,Zurich Terminus,1
364.2,Rain,Rail,87.4,1,Rotterdam Gate,Paris Nord,1
314.2,Rain,Road,86.4,0,Hamburg Port,Warsaw Crossdock,0
1065.7,Clear,Rail,97.7,0,Antwerp Freight,Vienna Logistics,0
1177.5,Rain,Sea,77.6,0,Munich Hub,Prague Depot,1
508.1,Rain,Rail,95.2,0,Munich Hub,Warsaw Crossdock,1
892.8,Rain,Road,67.5,0,Rotterdam Gate,Vienna Logistics,1
503.5,Fog,Road,79.7,0,Antwerp Freight,Berlin DC,1
465.9,Clear,Rail,83.7,0,Rotterdam Gate,Berlin DC,0
272.8,Clear,Road,86.6,0,Antwerp Freight,Prague Depot,0
181.9,Storm,Road,88.9,0,Hamburg Port,Paris Nord,0
2025.9,Rain,Sea,78.3,0,Munich Hub,Prague Depot,1
698.6,Fog,Road,79.7,1,Milan Cargo,Prague Depot,1
979.2,Fog,Road,65.6,1,Rotterdam Gate,Paris Nord,0
1028.9,Clear,Road,36.2,0,Hamburg Port,Paris Nord,0
911.3,Clear,Road,68.8,0,Antwerp Freight,Berlin DC,0
1350.8,Storm,Rail,77.2,0,Munich Hub,Warsaw Crossdock,1
962.8,Rain,Rail,90.6,0,Milan Cargo,Vienna Logistics,0
129.4,Rain,Road,48.1,0,Rotterdam Gate,Berlin DC,1
542.5,Clear,Road,94.7,0,Frankfurt Central,Paris Nord,0
349.2,Rain,Road,77.3,0,Munich Hub,Warsaw Crossdock,0
379.9,Clear,Road,86.8,0,Antwerp Freight,Prague Depot,0
1066.1,Rain,Road,56.4,0,Antwerp Freight,Vienna Logistics,1
528.1,Rain,Road,76.7,0,Frankfurt Central,Vienna Logistics,1
1552.1,Clear,Rail,73.7,0,Rotterdam Gate,Warsaw Crossdock,0
1446.3,Clear,Sea,82.0,0,Antwerp Freight,Paris Nord,0
502.5,Clear,Road,79.8,0,Frankfurt Central,Warsaw Crossdock,0
702.8,Storm,Road,60.8,0,Munich Hub,Vienna Logistics,1
194.4,Clear,Road,58.7,0,Rotterdam Gate,Warsaw Crossdock,0
840.2,Clear,Road,67.4,1,Milan Cargo,Vienna Logistics,1
1157.1,Storm,Road,78.4,0,Munich Hub,Prague Depot,1
482.3,Fog,Sea,81.4,0,Frankfurt Central,Vienna Logistics,1
397.7,Storm,Road,98.5,0,Rotterdam Gate,Warsaw Crossdock,1
756.1,Fog,Road,75.8,1,Hamburg Port,Vienna Logistics,0
1355.3,Rain,Air,64.1,0,Hamburg Port,Berlin DC,1
2347.2,Clear,Sea,81.6,0,Rotterdam Gate,Berlin DC,0
567.6,Rain,Road,90.1,1,Hamburg Port,Vienna Logistics,1
517.5,Rain,Road,71.8,1,Frankfurt Central,Berlin DC,0
493.4,Fog,Rail,72.8,0,Hamburg Port,Berlin DC,0
351.2,Storm,Road,85.5,0,Hamburg Port,Zurich Terminus,0
499.2,Clear,Road,72.1,0,Frankfurt Central,Paris Nord,0
1332.1,Clear,Rail,77.8,0,Munich Hub,Prague Depot,0
1879.2,Fog,Air,71.0,0,Milan Cargo,Prague Depot,0
679.5,Fog,Road,77.4,1,Rotterdam Gate,Berlin DC,0
1019.9,Fog,Road,68.8,0,Frankfurt Central,Vienna Logistics,0
704.9,Rain,Road,65.6,0,Munich Hub,Paris Nord,1
721.2,Clear,Rail,71.2,0,Milan Cargo,Warsaw Crossdock,0
2718.4,Fog,Sea,92.6,0,Milan Cargo,Berlin DC,0
837.7,Rain,Road,57.8,0,Frankfurt Central,Paris Nord,1
557.1,Clear,Road,89.2,0,Munich Hub,Vienna Logistics,0
246.8,Storm,Road,50.9,0,Hamburg Port,Vienna Logistics,1
1411.9,Clear,Air,52.5,0,Frankfurt Central,Berlin DC,0
671.1,Clear,Road,83.2,0,Hamburg Port,Berlin DC,0
1595.8,Storm,Air,78.1,1,Rotterdam Gate,Paris Nord,1
261.8,Clear,Road,90.0,0,Rotterdam Gate,Paris Nord,0
347.3,Clear,Rail,68.7,0,Milan Cargo,Vienna Logistics,0
2289.0,Clear,Sea,80.9,1,Munich Hub,Zurich Terminus,1
466.1,Storm,Road,96.6,0,Hamburg Port,Zurich Terminus,0
999.7,Clear,Air,87.9,0,Munich Hub,Paris Nord,0
828.0,Clear,Road,90.6,0,Munich Hub,Vienna Logistics,0
388.4,Snow,Road,85.1,1,Milan Cargo,Berlin DC,1
472.5,Storm,Rail,80.9,0,Rotterdam Gate,Warsaw Crossdock,1
1575.6,Clear,Sea,57.9,0,Antwerp Freight,Vienna Logistics,0
1602.6,Fog,Rail,95.2,0,Rotterdam Gate,Vienna Logistics,0
842.4,Storm,Road,81.1,1,Milan Cargo,Prague Depot,1
818.0,Clear,Road,71.2,1,Hamburg Port,Berlin DC,0
2322.9,Snow,Sea,90.0,0,Hamburg Port,Prague Depot,1
591.5,Clear,Road,72.2,0,Milan Cargo,Vienna Logistics,0
1108.8,Snow,Road,89.3,0,Milan Cargo,Berlin DC,0
2215.4,Clear,Sea,48.5,0,Antwerp Freight,Warsaw Crossdock,1
2503.3,Rain,Sea,78.0,0,Antwerp Freight,Prague Depot,1
1755.4,Rain,Rail,67.2,1,Rotterdam Gate,Paris Nord,0
687.0,Rain,Road,83.9,0,Rotterdam Gate,Paris Nord,0
1193.5,Rain,Road,62.6,0,Frankfurt Central,Zurich Terminus,1
1082.1,Clear,Road,75.3,0,Munich Hub,Warsaw Crossdock,0
686.8,Clear,Road,83.7,0,Munich Hub,Warsaw Crossdock,0
1214.3,Clear,Rail,58.8,0,Hamburg Port,Prague Depot,0
3016.7,Snow,Sea,88.8,0,Frankfurt Central,Prague Depot,0
267.8,Fog,Road,71.8,0,Rotterdam Gate,Vienna Logistics,0
2473.1,Clear,Air,67.0,0,Antwerp Freight,Zurich Terminus,0
626.3,Clear,Road,86.5,0,Milan Cargo,Zurich Terminus,0
1012.3,Fog,Road,92.4,0,Antwerp Freight,Prague Depot,0
444.3,Clear,Road,79.2,0,Munich Hub,Zurich Terminus,0
1601.5,Rain,Air,46.3,0,Frankfurt Central,Paris Nord,0
672.7,Clear,Road,69.9,0,Munich Hub,Zurich Terminus,1
1092.5,Clear,Rail,57.8,0,Hamburg Port,Vienna Logistics,0
1444.5,Rain,Air,85.4,0,Hamburg Port,Prague Depot,0
1372.6,Clear,Rail,50.1,0,Antwerp Freight,Warsaw Crossdock,1
1399.0,Snow,Air,49.1,1,Milan Cargo,Berlin DC,1
571.3,Clear,Rail,68.8,0,Hamburg Port,Warsaw Crossdock,0
1088.9,Clear,Rail,73.7,0,Munich Hub,Prague Depot,0
639.5,Snow,Road,89.5,0,Milan Cargo,Prague Depot,0
657.2,Clear,Road,83.0,0,Frankfurt Central,Warsaw Crossdock,0
2047.8,Rain,Air,78.9,0,Frankfurt Central,Warsaw Crossdock,1
354.1,Clear,Road,56.9,1,Rotterdam Gate,Warsaw Crossdock,1
590.8,Rain,Road,80.7,0,Rotterdam Gate,Paris Nord,0
1311.2,Fog,Sea,63.3,0,Rotterdam Gate,Vienna Logistics,0
695.3,Storm,Road,83.3,1,Milan Cargo,Vienna Logistics,1
1746.6,Snow,Rail,90.5,0,Antwerp Freight,Vienna Logistics,0
2506.2,Storm,Air,72.8,0,Milan Cargo,Vienna Logistics,1
591.2,Rain,Rail,85.8,0,Frankfurt Central,Zurich Terminus,0
1612.0,Rain,Rail,75.5,0,Rotterdam Gate,Warsaw Crossdock,0
1080.5,Storm,Road,73.2,0,Rotterdam Gate,Prague Depot,1
996.3,Rain,Rail,57.4,0,Antwerp Freight,Prague Depot,0
965.5,Storm,Road,91.1,0,Munich Hub,Vienna Logistics,1
1009.5,Fog,Rail,85.4,0,Milan Cargo,Warsaw Crossdock,1
1018.4,Clear,Road,67.6,0,Antwerp Freight,Prague Depot,0
1470.8,Clear,Rail,75.7,0,Rotterdam Gate,Warsaw Crossdock,0
468.0,Storm,Rail,76.6,1,Munich Hub,Berlin DC,1
290.7,Fog,Rail,78.6,1,Hamburg Port,Warsaw Crossdock,0
1370.8,Clear,Rail,38.4,0,Munich Hub,Vienna Logistics,0
1393.6,Clear,Rail,64.2,0,Antwerp Freight,Vienna Logistics,0
2527.9,Rain,Sea,94.3,0,Antwerp Freight,Zurich Terminus,1
1062.1,Rain,Road,92.5,0,Milan Cargo,Berlin DC,0
457.6,Rain,Road,54.3,0,Antwerp Freight,Paris Nord,0
506.2,Snow,Road,77.9,0,Antwerp Freight,Zurich Terminus,0
554.7,Clear,Road,75.8,0,Frankfurt Central,Paris Nord,0
2134.9,Snow,Air,57.6,0,Munich Hub,Zurich Terminus,1
1607.4,Storm,Sea,76.1,0,Munich Hub,Paris Nord,1
1227.3,Fog,Rail,75.8,1,Hamburg Port,Vienna Logistics,1
789.7,Fog,Rail,48.0,0,Rotterdam Gate,Prague Depot,1
787.4,Clear,Air,94.3,0,Frankfurt Central,Vienna Logistics,0
526.5,Rain,Road,89.8,0,Antwerp Freight,Paris Nord,0
743.9,Clear,Road,88.5,0,Antwerp Freight,Warsaw Crossdock,0
1104.2,Snow,Air,88.2,0,Hamburg Port,Berlin DC,1
470.8,Clear,Road,83.7,0,Frankfurt Central,Berlin DC,0
2131.7,Snow,Air,60.5,0,Hamburg Port,Vienna Logistics,0
735.4,Fog,Road,65.4,1,Rotterdam Gate,Paris Nord,1
155.9,Rain,Road,62.2,0,Hamburg Port,Zurich Terminus,1
940.5,Clear,Road,72.3,0,Antwerp Freight,Warsaw Crossdock,0
588.8,Clear,Air,58.9,0,Antwerp Freight,Warsaw Crossdock,0
1236.8,Snow,Rail,56.3,0,Milan Cargo,Prague Depot,1
1146.9,Clear,Road,82.7,0,Rotterdam Gate,Berlin DC,0
1145.6,Rain,Rail,85.9,0,Frankfurt Central,Warsaw Crossdock,1
137.1,Clear,Road,76.2,0,Rotterdam Gate,Warsaw Crossdock,0
1122.6,Rain,Road,80.0,0,Antwerp Freight,Warsaw Crossdock,0
577.8,Fog,Road,49.4,0,Rotterdam Gate,Vienna Logistics,0
2903.7,Snow,Sea,55.7,0,Munich Hub,Berlin DC,0
1124.4,Snow,Road,94.7,0,Milan Cargo,Paris Nord,1
291.6,Fog,Road,78.5,0,Antwerp Freight,Berlin DC,0
877.6,Storm,Rail,60.8,1,Milan Cargo,Zurich Terminus,1
965.3,Storm,Road,84.5,0,Hamburg Port,Vienna Logistics,1
502.7,Rain,Road,56.9,0,Antwerp Freight,Prague Depot,0
2445.1,Rain,Air,74.0,0,Frankfurt Central,Zurich Terminus,1
93.0,Clear,Road,88.0,0,Rotterdam Gate,Prague Depot,0
200.5,Clear,Rail,79.3,0,Antwerp Freight,Paris Nord,1
249.5,Snow,Road,95.4,1,Rotterdam Gate,Vienna Logistics,1
1095.2,Fog,Sea,71.6,0,Munich Hub,Prague Depot,1
289.0,Clear,Road,75.0,0,Rotterdam Gate,Warsaw Crossdock,0
1150.9,Fog,Road,86.4,0,Antwerp Freight,Berlin DC,0
1026.5,Storm,Road,47.9,1,Hamburg Port,Berlin DC,1
1074.6,Rain,Rail,59.0,1,Antwerp Freight,Zurich Terminus,1
1670.6,Fog,Rail,74.7,0,Munich Hub,Vienna Logistics,0
772.8,Snow,Road,76.9,0,Frankfurt Central,Warsaw Crossdock,1
230.9,Clear,Road,57.3,0,Hamburg Port,Warsaw Crossdock,0
611.4,Clear,Road,82.6,0,Rotterdam Gate,Warsaw Crossdock,0
360.0,Snow,Rail,71.4,1,Frankfurt Central,Paris Nord,1
1127.3,Rain,Air,66.4,0,Antwerp Freight,Warsaw Crossdock,0
965.4,Clear,Road,74.8,0,Hamburg Port,Paris Nord,0
437.2,Storm,Road,83.6,0,Milan Cargo,Paris Nord,0
403.9,Storm,Road,55.8,0,Antwerp Freight,Vienna Logistics,1
275.9,Clear,Road,52.5,0,Antwerp Freight,Paris Nord,0
168.6,Clear,Road,87.1,0,Hamburg Port,Prague Depot,0
1789.4,Storm,Rail,38.8,0,Hamburg Port,Prague Depot,1
727.2,Clear,Road,93.6,0,Milan Cargo,Vienna Logistics,0
1671.2,Clear,Rail,69.8,0,Antwerp Freight,Paris Nord,0
1757.9,Clear,Rail,84.5,0,Rotterdam Gate,Prague Depot,1
1605.8,Storm,Rail,62.4,0,Milan Cargo,Warsaw Crossdock,1
236.7,Fog,Road,63.6,0,Frankfurt Central,Vienna Logistics,1
571.0,Fog,Road,87.4,0,Milan Cargo,Warsaw Crossdock,1
161.5,Clear,Road,66.4,0,Milan Cargo,Prague Depot,0
880.5,Fog,Road,73.1,0,Rotterdam Gate,Vienna Logistics,1
2312.8,Clear,Air,79.6,0,Frankfurt Central,Zurich Terminus,0
1225.2,Fog,Air,35.3,0,Hamburg Port,Prague Depot,1
773.9,Rain,Road,88.4,0,Milan Cargo,Zurich Terminus,0
397.3,Clear,Rail,74.0,0,Antwerp Freight,Warsaw Crossdock,0
1073.1,Rain,Road,74.9,0,Milan Cargo,Prague Depot,1
120.8,Clear,Road,54.7,0,Rotterdam Gate,Warsaw Crossdock,0
664.0,Clear,Road,82.8,0,Milan Cargo,Warsaw Crossdock,0
1067.4,Fog,Road,43.2,0,Munich Hub,Paris Nord,1
1075.6,Clear,Road,53.1,1,Munich Hub,Berlin DC,0
2431.1,Rain,Air,90.2,0,Milan Cargo,Warsaw Crossdock,1
1685.7,Clear,Rail,91.6,1,Munich Hub,Warsaw Crossdock,0
426.4,Rain,Road,67.9,1,Rotterdam Gate,Prague Depot,1
1085.8,Clear,Air,74.6,0,Rotterdam Gate,Vienna Logistics,0
1318.9,Clear,Air,73.4,0,Munich Hub,Paris Nord,0
360.9,Fog,Rail,72.6,0,Hamburg Port,Berlin DC,0
1402.8,Storm,Air,87.9,0,Munich Hub,Zurich Terminus,1
702.1,Clear,Road,84.4,0,Munich Hub,Prague Depot,0
742.3,Clear,Road,86.4,0,Milan Cargo,Berlin DC,1
1781.2,Clear,Rail,71.8,0,Munich Hub,Vienna Logistics,0
1136.8,Rain,Road,64.6,0,Hamburg Port,Berlin DC,1
412.4,Rain,Road,90.6,0,Antwerp Freight,Berlin DC,0
1703.9,Rain,Rail,86.6,0,Hamburg Port,Berlin DC,0
227.7,Storm,Road,86.9,0,Hamburg Port,Warsaw Crossdock,1
402.1,Clear,Rail,78.3,0,Milan Cargo,Vienna Logistics,1
1048.3,Fog,Road,66.2,0,Frankfurt Central,Vienna Logistics,1
1846.8,Rain,Sea,66.1,0,Rotterdam Gate,Prague Depot,1
473.6,Rain,Road,72.1,0,Hamburg Port,Berlin DC,0
170.6,Clear,Road,90.0,0,Munich Hub,Warsaw Crossdock,0
431.6,Clear,Road,59.8,0,Munich Hub,Paris Nord,1
723.6,Storm,Rail,84.4,0,Milan Cargo,Prague Depot,0
1151.3,Clear,Road,70.1,0,Rotterdam Gate,Zurich Terminus,0
683.0,Clear,Road,73.4,0,Frankfurt Central,Paris Nord,0
1067.4,Fog,Road,87.3,0,Munich Hub,Paris Nord,0
385.8,Rain,Road,77.3,0,Frankfurt Central,Paris Nord,0
278.1,Clear,Road,85.4,0,Milan Cargo,Prague Depot,0
455.8,Clear,Road,76.6,0,Antwerp Freight,Berlin DC,0
695.2,Clear,Rail,75.6,0,Hamburg Port,Berlin DC,0
1184.6,Snow,Road,58.9,1,Rotterdam Gate,Prague Depot,1
1797.1,Snow,Rail,91.4,0,Hamburg Port,Warsaw Crossdock,0
2095.0,Clear,Air,83.8,0,Hamburg Port,Berlin DC,0
789.8,Rain,Road,83.6,0,Antwerp Freight,Warsaw Crossdock,0
696.8,Fog,Road,82.8,1,Antwerp Freight,Vienna Logistics,1
546.0,Clear,Rail,81.5,1,Munich Hub,Paris Nord,1
647.3,Fog,Road,93.1,0,Frankfurt Central,Berlin DC,0
690.9,Rain,Road,76.6,0,Hamburg Port,Prague Depot,1
1230.6,Rain,Rail,43.4,1,Rotterdam Gate,Paris Nord,1
1802.7,Fog,Sea,87.8,0,Munich Hub,Warsaw Crossdock,0
593.5,Clear,Road,89.8,1,Hamburg Port,Vienna Logistics,0
681.7,Clear,Road,79.4,0,Frankfurt Central,Paris Nord,0
97.1,Clear,Road,75.0,0,Frankfurt Central,Zurich Terminus,0
588.8,Fog,Rail,84.8,0,Milan Cargo,Prague Depot,1
1172.3,Fog,Road,71.3,0,Munich Hub,Zurich Terminus,1
522.7,Storm,Road,70.3,0,Antwerp Freight,Prague Depot,1
288.9,Rain,Road,42.3,1,Antwerp Freight,Vienna Logistics,0
489.5,Storm,Rail,88.7,0,Frankfurt Central,Vienna Logistics,1
1655.8,Storm,Rail,76.2,0,Hamburg Port,Prague Depot,1
700.7,Clear,Rail,80.1,1,Milan Cargo,Prague Depot,0
1351.1,Clear,Sea,49.6,0,Munich Hub,Warsaw Crossdock,0
650.2,Rain,Road,47.5,0,Milan Cargo,Prague Depot,1
697.3,Clear,Road,71.2,0,Antwerp Freight,Paris Nord,0
316.8,Rain,Road,61.2,0,Hamburg Port,Zurich Terminus,0
91.4,Rain,Road,76.2,0,Hamburg Port,Prague Depot,1
767.1,Rain,Air,92.5,1,Antwerp Freight,Paris Nord,0
1223.3,Rain,Air,64.9,0,Frankfurt Central,Berlin DC,0
1785.1,Rain,Rail,41.4,1,Frankfurt Central,Berlin DC,1
919.0,Fog,Road,60.3,0,Milan Cargo,Berlin DC,1
1482.3,Clear,Rail,66.3,0,Rotterdam Gate,Paris Nord,0
1689.4,Fog,Sea,82.9,0,Hamburg Port,Paris Nord,1
934.6,Clear,Road,70.1,0,Hamburg Port,Berlin DC,0
750.1,Storm,Rail,83.2,0,Milan Cargo,Vienna Logistics,0
960.1,Snow,Road,66.8,0,Munich Hub,Zurich Terminus,1
1021.2,Clear,Rail,75.4,1,Antwerp Freight,Vienna Logistics,0
1252.8,Fog,Rail,85.1,0,Antwerp Freight,Zurich Terminus,0
922.6,Snow,Sea,69.3,0,Antwerp Freight,Zurich Terminus,0
2281.5,Clear,Air,78.9,0,Frankfurt Central,Berlin DC,0
629.7,Fog,Rail,65.9,0,Antwerp Freight,Paris Nord,0
348.7,Snow,Road,70.6,1,Antwerp Freight,Zurich Terminus,1
494.3,Clear,Road,71.6,0,Hamburg Port,Vienna Logistics,1
717.0,Storm,Rail,84.1,0,Hamburg Port,Vienna Logistics,1
1735.9,Clear,Air,81.1,1,Hamburg Port,Vienna Logistics,0
545.3,Storm,Road,43.6,0,Frankfurt Central,Vienna Logistics,1
2930.3,Clear,Sea,39.3,0,Rotterdam Gate,Vienna Logistics,0
1106.1,Storm,Road,85.3,0,Munich Hub,Zurich Terminus,1
937.0,Fog,Rail,85.6,0,Frankfurt Central,Paris Nord,0
911.0,Clear,Road,65.0,0,Antwerp Freight,Prague Depot,0
392.1,Clear,Road,63.9,0,Rotterdam Gate,Vienna Logistics,0
501.8,Rain,Sea,92.9,0,Hamburg Port,Warsaw Crossdock,0
562.7,Clear,Rail,62.5,0,Frankfurt Central,Berlin DC,0
777.1,Clear,Road,59.5,0,Frankfurt Central,Berlin DC,0
1746.2,Clear,Rail,63.0,0,Rotterdam Gate,Vienna Logistics,0
664.9,Rain,Road,61.4,0,Rotterdam Gate,Vienna Logistics,0
648.1,Clear,Road,64.8,0,Frankfurt Central,Vienna Logistics,0
1723.4,Clear,Rail,91.2,0,Frankfurt Central,Paris Nord,0
613.2,Storm,Rail,73.8,1,Rotterdam Gate,Warsaw Crossdock,0
1823.4,Snow,Sea,83.6,0,Frankfurt Central,Vienna Logistics,0
2580.7,Clear,Air,66.2,1,Antwerp Freight,Prague Depot,0
516.4,Clear,Road,73.1,0,Hamburg Port,Vienna Logistics,0
968.1,Clear,Road,96.4,0,Munich Hub,Prague Depot,0
650.6,Clear,Air,73.8,0,Milan Cargo,Zurich Terminus,0
150.8,Rain,Road,94.4,0,Milan Cargo,Warsaw Crossdock,0
315.2,Clear,Rail,80.7,1,Hamburg Port,Berlin DC,0
538.4,Storm,Rail,75.3,0,Munich Hub,Prague Depot,1
1050.9,Rain,Road,66.6,1,Rotterdam Gate,Vienna Logistics,1
1529.9,Clear,Sea,77.8,0,Frankfurt Central,Warsaw Crossdock,0
1432.8,Clear,Rail,63.6,0,Rotterdam Gate,Vienna Logistics,0
2355.2,Rain,Sea,87.6,0,Frankfurt Central,Warsaw Crossdock,0
242.1,Clear,Road,70.5,0,Milan Cargo,Warsaw Crossdock,0
1112.3,Rain,Road,70.8,0,Hamburg Port,Zurich Terminus,0
2877.5,Rain,Sea,65.0,0,Milan Cargo,Paris Nord,1
432.5,Clear,Road,62.2,0,Hamburg Port,Berlin DC,0
772.9,Fog,Rail,81.5,0,Munich Hub,Berlin DC,0
672.5,Clear,Road,75.7,1,Munich Hub,Vienna Logistics,0
757.9,Storm,Rail,79.0,0,Milan Cargo,Prague Depot,0
1456.9,Clear,Rail,91.6,0,Hamburg Port,Warsaw Crossdock,0
723.9,Rain,Road,94.1,0,Hamburg Port,Zurich Terminus,0
1000.8,Clear,Rail,50.4,0,Frankfurt Central,Vienna Logistics,0
1163.4,Clear,Road,85.2,0,Milan Cargo,Zurich Terminus,0
874.9,Clear,Road,96.2,0,Hamburg Port,Prague Depot,1
110.7,Clear,Road,93.7,0,Antwerp Freight,Prague Depot,0
1151.8,Fog,Rail,59.1,0,Hamburg Port,Paris Nord,0
870.5,Clear,Road,66.3,0,Milan Cargo,Prague Depot,1
1122.9,Clear,Air,81.1,1,Milan Cargo,Prague Depot,0
229.9,Clear,Rail,63.1,0,Frankfurt Central,Zurich Terminus,0
966.4,Fog,Road,75.8,0,Rotterdam Gate,Prague Depot,0
1076.0,Rain,Road,71.0,0,Munich Hub,Warsaw Crossdock,0
648.5,Fog,Rail,58.7,0,Frankfurt Central,Vienna Logistics,1
98.2,Storm,Road,86.9,1,Frankfurt Central,Prague Depot,1
902.2,Clear,Road,46.1,0,Frankfurt Central,Zurich Terminus,0
1023.2,Clear,Air,73.9,1,Milan Cargo,Prague Depot,0
2213.7,Rain,Air,74.8,0,Frankfurt Central,Warsaw Crossdock,1
445.9,Storm,Sea,85.8,0,Milan Cargo,Warsaw Crossdock,0
1666.1,Fog,Rail,69.3,1,Munich Hub,Paris Nord,1
1531.8,Clear,Rail,61.2,0,Hamburg Port,Zurich Terminus,0
